target_sheet,target_cell,formula,sum_col,matched_rows,calculated_value,expected_cached_value,delta,status,criteria_json
F.D.KMT.01,E8,"=SUMIFS(Bases!$L:$L,Bases!$I:$I,'F.D.KMT.01'!$C8,Bases!$M:$M,YEAR('F.D.KMT.01'!E$6),Bases!$N:$N,MONTH('F.D.KMT.01'!E$6),Bases!$J:$J,""Ingreso"")",L,0,0.0,0.0,0.0,PASS_TOLERANCE,"[{""range"": ""Bases!$I:$I"", ""col"": ""I"", ""arg"": ""'F.D.KMT.01'!$C8"", ""value"": ""Keep Koke"", ""type"": ""cell""}, {""range"": ""Bases!$M:$M"", ""col"": ""M"", ""arg"": ""YEAR('F.D.KMT.01'!E$6)"", ""value"": 2025, ""type"": ""year""}, {""range"": ""Bases!$N:$N"", ""col"": ""N"", ""arg"": ""MONTH('F.D.KMT.01'!E$6)"", ""value"": 1, ""type"": ""month""}, {""range"": ""Bases!$J:$J"", ""col"": ""J"", ""arg"": ""\""Ingreso\"""", ""value"": ""Ingreso"", ""type"": ""literal""}]"
F.D.KMT.01,F8,"=SUMIFS(Bases!$L:$L,Bases!$I:$I,'F.D.KMT.01'!$C8,Bases!$M:$M,YEAR('F.D.KMT.01'!F$6),Bases!$N:$N,MONTH('F.D.KMT.01'!F$6),Bases!$J:$J,""Ingreso"")",L,0,0.0,0.0,0.0,PASS_TOLERANCE,"[{""range"": ""Bases!$I:$I"", ""col"": ""I"", ""arg"": ""'F.D.KMT.01'!$C8"", ""value"": ""Keep Koke"", ""type"": ""cell""}, {""range"": ""Bases!$M:$M"", ""col"": ""M"", ""arg"": ""YEAR('F.D.KMT.01'!F$6)"", ""value"": 2025, ""type"": ""year""}, {""range"": ""Bases!$N:$N"", ""col"": ""N"", ""arg"": ""MONTH('F.D.KMT.01'!F$6)"", ""value"": 2, ""type"": ""month""}, {""range"": ""Bases!$J:$J"", ""col"": ""J"", ""arg"": ""\""Ingreso\"""", ""value"": ""Ingreso"", ""type"": ""literal""}]"
F.D.KMT.01,G8,"=SUMIFS(Bases!$L:$L,Bases!$I:$I,'F.D.KMT.01'!$C8,Bases!$M:$M,YEAR('F.D.KMT.01'!G$6),Bases!$N:$N,MONTH('F.D.KMT.01'!G$6),Bases!$J:$J,""Ingreso"")",L,1,0.3854,0.38540539942937374,0.0,PASS_TOLERANCE,"[{""range"": ""Bases!$I:$I"", ""col"": ""I"", ""arg"": ""'F.D.KMT.01'!$C8"", ""value"": ""Keep Koke"", ""type"": ""cell""}, {""range"": ""Bases!$M:$M"", ""col"": ""M"", ""arg"": ""YEAR('F.D.KMT.01'!G$6)"", ""value"": 2025, ""type"": ""year""}, {""range"": ""Bases!$N:$N"", ""col"": ""N"", ""arg"": ""MONTH('F.D.KMT.01'!G$6)"", ""value"": 3, ""type"": ""month""}, {""range"": ""Bases!$J:$J"", ""col"": ""J"", ""arg"": ""\""Ingreso\"""", ""value"": ""Ingreso"", ""type"": ""literal""}]"
F.D.KMT.01,H8,"=SUMIFS(Bases!$L:$L,Bases!$I:$I,'F.D.KMT.01'!$C8,Bases!$M:$M,YEAR('F.D.KMT.01'!H$6),Bases!$N:$N,MONTH('F.D.KMT.01'!H$6),Bases!$J:$J,""Ingreso"")",L,0,0.0,0.0,0.0,PASS_TOLERANCE,"[{""range"": ""Bases!$I:$I"", ""col"": ""I"", ""arg"": ""'F.D.KMT.01'!$C8"", ""value"": ""Keep Koke"", ""type"": ""cell""}, {""range"": ""Bases!$M:$M"", ""col"": ""M"", ""arg"": ""YEAR('F.D.KMT.01'!H$6)"", ""value"": 2025, ""type"": ""year""}, {""range"": ""Bases!$N:$N"", ""col"": ""N"", ""arg"": ""MONTH('F.D.KMT.01'!H$6)"", ""value"": 4, ""type"": ""month""}, {""range"": ""Bases!$J:$J"", ""col"": ""J"", ""arg"": ""\""Ingreso\"""", ""value"": ""Ingreso"", ""type"": ""literal""}]"
F.D.KMT.01,I8,"=SUMIFS(Bases!$L:$L,Bases!$I:$I,'F.D.KMT.01'!$C8,Bases!$M:$M,YEAR('F.D.KMT.01'!I$6),Bases!$N:$N,MONTH('F.D.KMT.01'!I$6),Bases!$J:$J,""Ingreso"")",L,0,0.0,0.0,0.0,PASS_TOLERANCE,"[{""range"": ""Bases!$I:$I"", ""col"": ""I"", ""arg"": ""'F.D.KMT.01'!$C8"", ""value"": ""Keep Koke"", ""type"": ""cell""}, {""range"": ""Bases!$M:$M"", ""col"": ""M"", ""arg"": ""YEAR('F.D.KMT.01'!I$6)"", ""value"": 2025, ""type"": ""year""}, {""range"": ""Bases!$N:$N"", ""col"": ""N"", ""arg"": ""MONTH('F.D.KMT.01'!I$6)"", ""value"": 5, ""type"": ""month""}, {""range"": ""Bases!$J:$J"", ""col"": ""J"", ""arg"": ""\""Ingreso\"""", ""value"": ""Ingreso"", ""type"": ""literal""}]"
F.D.KMT.01,J8,"=SUMIFS(Bases!$L:$L,Bases!$I:$I,'F.D.KMT.01'!$C8,Bases!$M:$M,YEAR('F.D.KMT.01'!J$6),Bases!$N:$N,MONTH('F.D.KMT.01'!J$6),Bases!$J:$J,""Ingreso"")",L,0,0.0,0.0,0.0,PASS_TOLERANCE,"[{""range"": ""Bases!$I:$I"", ""col"": ""I"", ""arg"": ""'F.D.KMT.01'!$C8"", ""value"": ""Keep Koke"", ""type"": ""cell""}, {""range"": ""Bases!$M:$M"", ""col"": ""M"", ""arg"": ""YEAR('F.D.KMT.01'!J$6)"", ""value"": 2025, ""type"": ""year""}, {""range"": ""Bases!$N:$N"", ""col"": ""N"", ""arg"": ""MONTH('F.D.KMT.01'!J$6)"", ""value"": 6, ""type"": ""month""}, {""range"": ""Bases!$J:$J"", ""col"": ""J"", ""arg"": ""\""Ingreso\"""", ""value"": ""Ingreso"", ""type"": ""literal""}]"
F.D.KMT.01,K8,"=SUMIFS(Bases!$L:$L,Bases!$I:$I,'F.D.KMT.01'!$C8,Bases!$M:$M,YEAR('F.D.KMT.01'!K$6),Bases!$N:$N,MONTH('F.D.KMT.01'!K$6),Bases!$J:$J,""Ingreso"")",L,0,0.0,0.0,0.0,PASS_TOLERANCE,"[{""range"": ""Bases!$I:$I"", ""col"": ""I"", ""arg"": ""'F.D.KMT.01'!$C8"", ""value"": ""Keep Koke"", ""type"": ""cell""}, {""range"": ""Bases!$M:$M"", ""col"": ""M"", ""arg"": ""YEAR('F.D.KMT.01'!K$6)"", ""value"": 2025, ""type"": ""year""}, {""range"": ""Bases!$N:$N"", ""col"": ""N"", ""arg"": ""MONTH('F.D.KMT.01'!K$6)"", ""value"": 7, ""type"": ""month""}, {""range"": ""Bases!$J:$J"", ""col"": ""J"", ""arg"": ""\""Ingreso\"""", ""value"": ""Ingreso"", ""type"": ""literal""}]"
F.D.KMT.01,L8,"=SUMIFS(Bases!$L:$L,Bases!$I:$I,'F.D.KMT.01'!$C8,Bases!$M:$M,YEAR('F.D.KMT.01'!L$6),Bases!$N:$N,MONTH('F.D.KMT.01'!L$6),Bases!$J:$J,""Ingreso"")",L,0,0.0,0.0,0.0,PASS_TOLERANCE,"[{""range"": ""Bases!$I:$I"", ""col"": ""I"", ""arg"": ""'F.D.KMT.01'!$C8"", ""value"": ""Keep Koke"", ""type"": ""cell""}, {""range"": ""Bases!$M:$M"", ""col"": ""M"", ""arg"": ""YEAR('F.D.KMT.01'!L$6)"", ""value"": 2025, ""type"": ""year""}, {""range"": ""Bases!$N:$N"", ""col"": ""N"", ""arg"": ""MONTH('F.D.KMT.01'!L$6)"", ""value"": 8, ""type"": ""month""}, {""range"": ""Bases!$J:$J"", ""col"": ""J"", ""arg"": ""\""Ingreso\"""", ""value"": ""Ingreso"", ""type"": ""literal""}]"
F.D.KMT.01,M8,"=SUMIFS(Bases!$L:$L,Bases!$I:$I,'F.D.KMT.01'!$C8,Bases!$M:$M,YEAR('F.D.KMT.01'!M$6),Bases!$N:$N,MONTH('F.D.KMT.01'!M$6),Bases!$J:$J,""Ingreso"")",L,0,0.0,0.0,0.0,PASS_TOLERANCE,"[{""range"": ""Bases!$I:$I"", ""col"": ""I"", ""arg"": ""'F.D.KMT.01'!$C8"", ""value"": ""Keep Koke"", ""type"": ""cell""}, {""range"": ""Bases!$M:$M"", ""col"": ""M"", ""arg"": ""YEAR('F.D.KMT.01'!M$6)"", ""value"": 2025, ""type"": ""year""}, {""range"": ""Bases!$N:$N"", ""col"": ""N"", ""arg"": ""MONTH('F.D.KMT.01'!M$6)"", ""value"": 9, ""type"": ""month""}, {""range"": ""Bases!$J:$J"", ""col"": ""J"", ""arg"": ""\""Ingreso\"""", ""value"": ""Ingreso"", ""type"": ""literal""}]"
F.D.KMT.01,N8,"=SUMIFS(Bases!$L:$L,Bases!$I:$I,'F.D.KMT.01'!$C8,Bases!$M:$M,YEAR('F.D.KMT.01'!N$6),Bases!$N:$N,MONTH('F.D.KMT.01'!N$6),Bases!$J:$J,""Ingreso"")",L,0,0.0,0.0,0.0,PASS_TOLERANCE,"[{""range"": ""Bases!$I:$I"", ""col"": ""I"", ""arg"": ""'F.D.KMT.01'!$C8"", ""value"": ""Keep Koke"", ""type"": ""cell""}, {""range"": ""Bases!$M:$M"", ""col"": ""M"", ""arg"": ""YEAR('F.D.KMT.01'!N$6)"", ""value"": 2025, ""type"": ""year""}, {""range"": ""Bases!$N:$N"", ""col"": ""N"", ""arg"": ""MONTH('F.D.KMT.01'!N$6)"", ""value"": 10, ""type"": ""month""}, {""range"": ""Bases!$J:$J"", ""col"": ""J"", ""arg"": ""\""Ingreso\"""", ""value"": ""Ingreso"", ""type"": ""literal""}]"
F.D.KMT.01,O8,"=SUMIFS(Bases!$L:$L,Bases!$I:$I,'F.D.KMT.01'!$C8,Bases!$M:$M,YEAR('F.D.KMT.01'!O$6),Bases!$N:$N,MONTH('F.D.KMT.01'!O$6),Bases!$J:$J,""Ingreso"")",L,0,0.0,0.0,0.0,PASS_TOLERANCE,"[{""range"": ""Bases!$I:$I"", ""col"": ""I"", ""arg"": ""'F.D.KMT.01'!$C8"", ""value"": ""Keep Koke"", ""type"": ""cell""}, {""range"": ""Bases!$M:$M"", ""col"": ""M"", ""arg"": ""YEAR('F.D.KMT.01'!O$6)"", ""value"": 2025, ""type"": ""year""}, {""range"": ""Bases!$N:$N"", ""col"": ""N"", ""arg"": ""MONTH('F.D.KMT.01'!O$6)"", ""value"": 11, ""type"": ""month""}, {""range"": ""Bases!$J:$J"", ""col"": ""J"", ""arg"": ""\""Ingreso\"""", ""value"": ""Ingreso"", ""type"": ""literal""}]"
F.D.KMT.01,P8,"=SUMIFS(Bases!$L:$L,Bases!$I:$I,'F.D.KMT.01'!$C8,Bases!$M:$M,YEAR('F.D.KMT.01'!P$6),Bases!$N:$N,MONTH('F.D.KMT.01'!P$6),Bases!$J:$J,""Ingreso"")",L,0,0.0,0.0,0.0,PASS_TOLERANCE,"[{""range"": ""Bases!$I:$I"", ""col"": ""I"", ""arg"": ""'F.D.KMT.01'!$C8"", ""value"": ""Keep Koke"", ""type"": ""cell""}, {""range"": ""Bases!$M:$M"", ""col"": ""M"", ""arg"": ""YEAR('F.D.KMT.01'!P$6)"", ""value"": 2025, ""type"": ""year""}, {""range"": ""Bases!$N:$N"", ""col"": ""N"", ""arg"": ""MONTH('F.D.KMT.01'!P$6)"", ""value"": 12, ""type"": ""month""}, {""range"": ""Bases!$J:$J"", ""col"": ""J"", ""arg"": ""\""Ingreso\"""", ""value"": ""Ingreso"", ""type"": ""literal""}]"
F.D.KMT.01,R8,"=SUMIFS(Bases!$L:$L,Bases!$I:$I,'F.D.KMT.01'!$C8,Bases!$M:$M,YEAR('F.D.KMT.01'!R$6),Bases!$N:$N,MONTH('F.D.KMT.01'!R$6),Bases!$J:$J,""Ingreso"")",L,0,0.0,0.0,0.0,PASS_TOLERANCE,"[{""range"": ""Bases!$I:$I"", ""col"": ""I"", ""arg"": ""'F.D.KMT.01'!$C8"", ""value"": ""Keep Koke"", ""type"": ""cell""}, {""range"": ""Bases!$M:$M"", ""col"": ""M"", ""arg"": ""YEAR('F.D.KMT.01'!R$6)"", ""value"": 2026, ""type"": ""year""}, {""range"": ""Bases!$N:$N"", ""col"": ""N"", ""arg"": ""MONTH('F.D.KMT.01'!R$6)"", ""value"": 1, ""type"": ""month""}, {""range"": ""Bases!$J:$J"", ""col"": ""J"", ""arg"": ""\""Ingreso\"""", ""value"": ""Ingreso"", ""type"": ""literal""}]"
F.D.KMT.01,S8,"=SUMIFS(Bases!$L:$L,Bases!$I:$I,'F.D.KMT.01'!$C8,Bases!$M:$M,YEAR('F.D.KMT.01'!S$6),Bases!$N:$N,MONTH('F.D.KMT.01'!S$6),Bases!$J:$J,""Ingreso"")",L,0,0.0,0.0,0.0,PASS_TOLERANCE,"[{""range"": ""Bases!$I:$I"", ""col"": ""I"", ""arg"": ""'F.D.KMT.01'!$C8"", ""value"": ""Keep Koke"", ""type"": ""cell""}, {""range"": ""Bases!$M:$M"", ""col"": ""M"", ""arg"": ""YEAR('F.D.KMT.01'!S$6)"", ""value"": 2026, ""type"": ""year""}, {""range"": ""Bases!$N:$N"", ""col"": ""N"", ""arg"": ""MONTH('F.D.KMT.01'!S$6)"", ""value"": 2, ""type"": ""month""}, {""range"": ""Bases!$J:$J"", ""col"": ""J"", ""arg"": ""\""Ingreso\"""", ""value"": ""Ingreso"", ""type"": ""literal""}]"
F.D.KMT.01,T8,"=SUMIFS(Bases!$L:$L,Bases!$I:$I,'F.D.KMT.01'!$C8,Bases!$M:$M,YEAR('F.D.KMT.01'!T$6),Bases!$N:$N,MONTH('F.D.KMT.01'!T$6),Bases!$J:$J,""Ingreso"")",L,0,0.0,0.0,0.0,PASS_TOLERANCE,"[{""range"": ""Bases!$I:$I"", ""col"": ""I"", ""arg"": ""'F.D.KMT.01'!$C8"", ""value"": ""Keep Koke"", ""type"": ""cell""}, {""range"": ""Bases!$M:$M"", ""col"": ""M"", ""arg"": ""YEAR('F.D.KMT.01'!T$6)"", ""value"": 2026, ""type"": ""year""}, {""range"": ""Bases!$N:$N"", ""col"": ""N"", ""arg"": ""MONTH('F.D.KMT.01'!T$6)"", ""value"": 3, ""type"": ""month""}, {""range"": ""Bases!$J:$J"", ""col"": ""J"", ""arg"": ""\""Ingreso\"""", ""value"": ""Ingreso"", ""type"": ""literal""}]"
F.D.KMT.01,E12,"=SUMIFS(Bases!$L:$L,Bases!$I:$I,'F.D.KMT.01'!$C12,Bases!$M:$M,YEAR('F.D.KMT.01'!E$6),Bases!$N:$N,MONTH('F.D.KMT.01'!E$6),Bases!$J:$J,""Ingreso"")",L,1,178.5,178.4999951803349,0.0,PASS_TOLERANCE,"[{""range"": ""Bases!$I:$I"", ""col"": ""I"", ""arg"": ""'F.D.KMT.01'!$C12"", ""value"": ""Bahía Barnes"", ""type"": ""cell""}, {""range"": ""Bases!$M:$M"", ""col"": ""M"", ""arg"": ""YEAR('F.D.KMT.01'!E$6)"", ""value"": 2025, ""type"": ""year""}, {""range"": ""Bases!$N:$N"", ""col"": ""N"", ""arg"": ""MONTH('F.D.KMT.01'!E$6)"", ""value"": 1, ""type"": ""month""}, {""range"": ""Bases!$J:$J"", ""col"": ""J"", ""arg"": ""\""Ingreso\"""", ""value"": ""Ingreso"", ""type"": ""literal""}]"
F.D.KMT.01,F12,"=SUMIFS(Bases!$L:$L,Bases!$I:$I,'F.D.KMT.01'!$C12,Bases!$M:$M,YEAR('F.D.KMT.01'!F$6),Bases!$N:$N,MONTH('F.D.KMT.01'!F$6),Bases!$J:$J,""Ingreso"")",L,0,0.0,0.0,0.0,PASS_TOLERANCE,"[{""range"": ""Bases!$I:$I"", ""col"": ""I"", ""arg"": ""'F.D.KMT.01'!$C12"", ""value"": ""Bahía Barnes"", ""type"": ""cell""}, {""range"": ""Bases!$M:$M"", ""col"": ""M"", ""arg"": ""YEAR('F.D.KMT.01'!F$6)"", ""value"": 2025, ""type"": ""year""}, {""range"": ""Bases!$N:$N"", ""col"": ""N"", ""arg"": ""MONTH('F.D.KMT.01'!F$6)"", ""value"": 2, ""type"": ""month""}, {""range"": ""Bases!$J:$J"", ""col"": ""J"", ""arg"": ""\""Ingreso\"""", ""value"": ""Ingreso"", ""type"": ""literal""}]"
F.D.KMT.01,G12,"=SUMIFS(Bases!$L:$L,Bases!$I:$I,'F.D.KMT.01'!$C12,Bases!$M:$M,YEAR('F.D.KMT.01'!G$6),Bases!$N:$N,MONTH('F.D.KMT.01'!G$6),Bases!$J:$J,""Ingreso"")",L,2,356.7909,356.7908852912981,0.0,PASS_TOLERANCE,"[{""range"": ""Bases!$I:$I"", ""col"": ""I"", ""arg"": ""'F.D.KMT.01'!$C12"", ""value"": ""Bahía Barnes"", ""type"": ""cell""}, {""range"": ""Bases!$M:$M"", ""col"": ""M"", ""arg"": ""YEAR('F.D.KMT.01'!G$6)"", ""value"": 2025, ""type"": ""year""}, {""range"": ""Bases!$N:$N"", ""col"": ""N"", ""arg"": ""MONTH('F.D.KMT.01'!G$6)"", ""value"": 3, ""type"": ""month""}, {""range"": ""Bases!$J:$J"", ""col"": ""J"", ""arg"": ""\""Ingreso\"""", ""value"": ""Ingreso"", ""type"": ""literal""}]"
F.D.KMT.01,H12,"=SUMIFS(Bases!$L:$L,Bases!$I:$I,'F.D.KMT.01'!$C12,Bases!$M:$M,YEAR('F.D.KMT.01'!H$6),Bases!$N:$N,MONTH('F.D.KMT.01'!H$6),Bases!$J:$J,""Ingreso"")",L,1,178.5,178.50000806133573,0.0,PASS_TOLERANCE,"[{""range"": ""Bases!$I:$I"", ""col"": ""I"", ""arg"": ""'F.D.KMT.01'!$C12"", ""value"": ""Bahía Barnes"", ""type"": ""cell""}, {""range"": ""Bases!$M:$M"", ""col"": ""M"", ""arg"": ""YEAR('F.D.KMT.01'!H$6)"", ""value"": 2025, ""type"": ""year""}, {""range"": ""Bases!$N:$N"", ""col"": ""N"", ""arg"": ""MONTH('F.D.KMT.01'!H$6)"", ""value"": 4, ""type"": ""month""}, {""range"": ""Bases!$J:$J"", ""col"": ""J"", ""arg"": ""\""Ingreso\"""", ""value"": ""Ingreso"", ""type"": ""literal""}]"
F.D.KMT.01,I12,"=SUMIFS(Bases!$L:$L,Bases!$I:$I,'F.D.KMT.01'!$C12,Bases!$M:$M,YEAR('F.D.KMT.01'!I$6),Bases!$N:$N,MONTH('F.D.KMT.01'!I$6),Bases!$J:$J,""Ingreso"")",L,0,0.0,0.0,0.0,PASS_TOLERANCE,"[{""range"": ""Bases!$I:$I"", ""col"": ""I"", ""arg"": ""'F.D.KMT.01'!$C12"", ""value"": ""Bahía Barnes"", ""type"": ""cell""}, {""range"": ""Bases!$M:$M"", ""col"": ""M"", ""arg"": ""YEAR('F.D.KMT.01'!I$6)"", ""value"": 2025, ""type"": ""year""}, {""range"": ""Bases!$N:$N"", ""col"": ""N"", ""arg"": ""MONTH('F.D.KMT.01'!I$6)"", ""value"": 5, ""type"": ""month""}, {""range"": ""Bases!$J:$J"", ""col"": ""J"", ""arg"": ""\""Ingreso\"""", ""value"": ""Ingreso"", ""type"": ""literal""}]"
F.D.KMT.01,J12,"=SUMIFS(Bases!$L:$L,Bases!$I:$I,'F.D.KMT.01'!$C12,Bases!$M:$M,YEAR('F.D.KMT.01'!J$6),Bases!$N:$N,MONTH('F.D.KMT.01'!J$6),Bases!$J:$J,""Ingreso"")",L,2,356.977,356.9770058296638,0.0,PASS_TOLERANCE,"[{""range"": ""Bases!$I:$I"", ""col"": ""I"", ""arg"": ""'F.D.KMT.01'!$C12"", ""value"": ""Bahía Barnes"", ""type"": ""cell""}, {""range"": ""Bases!$M:$M"", ""col"": ""M"", ""arg"": ""YEAR('F.D.KMT.01'!J$6)"", ""value"": 2025, ""type"": ""year""}, {""range"": ""Bases!$N:$N"", ""col"": ""N"", ""arg"": ""MONTH('F.D.KMT.01'!J$6)"", ""value"": 6, ""type"": ""month""}, {""range"": ""Bases!$J:$J"", ""col"": ""J"", ""arg"": ""\""Ingreso\"""", ""value"": ""Ingreso"", ""type"": ""literal""}]"
F.D.KMT.01,K12,"=SUMIFS(Bases!$L:$L,Bases!$I:$I,'F.D.KMT.01'!$C12,Bases!$M:$M,YEAR('F.D.KMT.01'!K$6),Bases!$N:$N,MONTH('F.D.KMT.01'!K$6),Bases!$J:$J,""Ingreso"")",L,1,178.5,178.49999272569673,0.0,PASS_TOLERANCE,"[{""range"": ""Bases!$I:$I"", ""col"": ""I"", ""arg"": ""'F.D.KMT.01'!$C12"", ""value"": ""Bahía Barnes"", ""type"": ""cell""}, {""range"": ""Bases!$M:$M"", ""col"": ""M"", ""arg"": ""YEAR('F.D.KMT.01'!K$6)"", ""value"": 2025, ""type"": ""year""}, {""range"": ""Bases!$N:$N"", ""col"": ""N"", ""arg"": ""MONTH('F.D.KMT.01'!K$6)"", ""value"": 7, ""type"": ""month""}, {""range"": ""Bases!$J:$J"", ""col"": ""J"", ""arg"": ""\""Ingreso\"""", ""value"": ""Ingreso"", ""type"": ""literal""}]"
F.D.KMT.01,L12,"=SUMIFS(Bases!$L:$L,Bases!$I:$I,'F.D.KMT.01'!$C12,Bases!$M:$M,YEAR('F.D.KMT.01'!L$6),Bases!$N:$N,MONTH('F.D.KMT.01'!L$6),Bases!$J:$J,""Ingreso"")",L,1,178.6032,178.6031719254315,0.0,PASS_TOLERANCE,"[{""range"": ""Bases!$I:$I"", ""col"": ""I"", ""arg"": ""'F.D.KMT.01'!$C12"", ""value"": ""Bahía Barnes"", ""type"": ""cell""}, {""range"": ""Bases!$M:$M"", ""col"": ""M"", ""arg"": ""YEAR('F.D.KMT.01'!L$6)"", ""value"": 2025, ""type"": ""year""}, {""range"": ""Bases!$N:$N"", ""col"": ""N"", ""arg"": ""MONTH('F.D.KMT.01'!L$6)"", ""value"": 8, ""type"": ""month""}, {""range"": ""Bases!$J:$J"", ""col"": ""J"", ""arg"": ""\""Ingreso\"""", ""value"": ""Ingreso"", ""type"": ""literal""}]"
F.D.KMT.01,M12,"=SUMIFS(Bases!$L:$L,Bases!$I:$I,'F.D.KMT.01'!$C12,Bases!$M:$M,YEAR('F.D.KMT.01'!M$6),Bases!$N:$N,MONTH('F.D.KMT.01'!M$6),Bases!$J:$J,""Ingreso"")",L,1,178.5,178.50001202968673,0.0,PASS_TOLERANCE,"[{""range"": ""Bases!$I:$I"", ""col"": ""I"", ""arg"": ""'F.D.KMT.01'!$C12"", ""value"": ""Bahía Barnes"", ""type"": ""cell""}, {""range"": ""Bases!$M:$M"", ""col"": ""M"", ""arg"": ""YEAR('F.D.KMT.01'!M$6)"", ""value"": 2025, ""type"": ""year""}, {""range"": ""Bases!$N:$N"", ""col"": ""N"", ""arg"": ""MONTH('F.D.KMT.01'!M$6)"", ""value"": 9, ""type"": ""month""}, {""range"": ""Bases!$J:$J"", ""col"": ""J"", ""arg"": ""\""Ingreso\"""", ""value"": ""Ingreso"", ""type"": ""literal""}]"
F.D.KMT.01,N12,"=SUMIFS(Bases!$L:$L,Bases!$I:$I,'F.D.KMT.01'!$C12,Bases!$M:$M,YEAR('F.D.KMT.01'!N$6),Bases!$N:$N,MONTH('F.D.KMT.01'!N$6),Bases!$J:$J,""Ingreso"")",L,0,0.0,0.0,0.0,PASS_TOLERANCE,"[{""range"": ""Bases!$I:$I"", ""col"": ""I"", ""arg"": ""'F.D.KMT.01'!$C12"", ""value"": ""Bahía Barnes"", ""type"": ""cell""}, {""range"": ""Bases!$M:$M"", ""col"": ""M"", ""arg"": ""YEAR('F.D.KMT.01'!N$6)"", ""value"": 2025, ""type"": ""year""}, {""range"": ""Bases!$N:$N"", ""col"": ""N"", ""arg"": ""MONTH('F.D.KMT.01'!N$6)"", ""value"": 10, ""type"": ""month""}, {""range"": ""Bases!$J:$J"", ""col"": ""J"", ""arg"": ""\""Ingreso\"""", ""value"": ""Ingreso"", ""type"": ""literal""}]"
F.D.KMT.01,O12,"=SUMIFS(Bases!$L:$L,Bases!$I:$I,'F.D.KMT.01'!$C12,Bases!$M:$M,YEAR('F.D.KMT.01'!O$6),Bases!$N:$N,MONTH('F.D.KMT.01'!O$6),Bases!$J:$J,""Ingreso"")",L,1,178.4311,178.4310542733857,0.0,PASS_TOLERANCE,"[{""range"": ""Bases!$I:$I"", ""col"": ""I"", ""arg"": ""'F.D.KMT.01'!$C12"", ""value"": ""Bahía Barnes"", ""type"": ""cell""}, {""range"": ""Bases!$M:$M"", ""col"": ""M"", ""arg"": ""YEAR('F.D.KMT.01'!O$6)"", ""value"": 2025, ""type"": ""year""}, {""range"": ""Bases!$N:$N"", ""col"": ""N"", ""arg"": ""MONTH('F.D.KMT.01'!O$6)"", ""value"": 11, ""type"": ""month""}, {""range"": ""Bases!$J:$J"", ""col"": ""J"", ""arg"": ""\""Ingreso\"""", ""value"": ""Ingreso"", ""type"": ""literal""}]"
F.D.KMT.01,P12,"=SUMIFS(Bases!$L:$L,Bases!$I:$I,'F.D.KMT.01'!$C12,Bases!$M:$M,YEAR('F.D.KMT.01'!P$6),Bases!$N:$N,MONTH('F.D.KMT.01'!P$6),Bases!$J:$J,""Ingreso"")",L,1,178.5,178.50000466658042,0.0,PASS_TOLERANCE,"[{""range"": ""Bases!$I:$I"", ""col"": ""I"", ""arg"": ""'F.D.KMT.01'!$C12"", ""value"": ""Bahía Barnes"", ""type"": ""cell""}, {""range"": ""Bases!$M:$M"", ""col"": ""M"", ""arg"": ""YEAR('F.D.KMT.01'!P$6)"", ""value"": 2025, ""type"": ""year""}, {""range"": ""Bases!$N:$N"", ""col"": ""N"", ""arg"": ""MONTH('F.D.KMT.01'!P$6)"", ""value"": 12, ""type"": ""month""}, {""range"": ""Bases!$J:$J"", ""col"": ""J"", ""arg"": ""\""Ingreso\"""", ""value"": ""Ingreso"", ""type"": ""literal""}]"
F.D.KMT.01,R12,"=SUMIFS(Bases!$L:$L,Bases!$I:$I,'F.D.KMT.01'!$C12,Bases!$M:$M,YEAR('F.D.KMT.01'!R$6),Bases!$N:$N,MONTH('F.D.KMT.01'!R$6),Bases!$J:$J,""Ingreso"")",L,2,356.954,356.9540281342494,0.0,PASS_TOLERANCE,"[{""range"": ""Bases!$I:$I"", ""col"": ""I"", ""arg"": ""'F.D.KMT.01'!$C12"", ""value"": ""Bahía Barnes"", ""type"": ""cell""}, {""range"": ""Bases!$M:$M"", ""col"": ""M"", ""arg"": ""YEAR('F.D.KMT.01'!R$6)"", ""value"": 2026, ""type"": ""year""}, {""range"": ""Bases!$N:$N"", ""col"": ""N"", ""arg"": ""MONTH('F.D.KMT.01'!R$6)"", ""value"": 1, ""type"": ""month""}, {""range"": ""Bases!$J:$J"", ""col"": ""J"", ""arg"": ""\""Ingreso\"""", ""value"": ""Ingreso"", ""type"": ""literal""}]"
F.D.KMT.01,S12,"=SUMIFS(Bases!$L:$L,Bases!$I:$I,'F.D.KMT.01'!$C12,Bases!$M:$M,YEAR('F.D.KMT.01'!S$6),Bases!$N:$N,MONTH('F.D.KMT.01'!S$6),Bases!$J:$J,""Ingreso"")",L,1,178.8056,178.80564746374924,0.0,PASS_TOLERANCE,"[{""range"": ""Bases!$I:$I"", ""col"": ""I"", ""arg"": ""'F.D.KMT.01'!$C12"", ""value"": ""Bahía Barnes"", ""type"": ""cell""}, {""range"": ""Bases!$M:$M"", ""col"": ""M"", ""arg"": ""YEAR('F.D.KMT.01'!S$6)"", ""value"": 2026, ""type"": ""year""}, {""range"": ""Bases!$N:$N"", ""col"": ""N"", ""arg"": ""MONTH('F.D.KMT.01'!S$6)"", ""value"": 2, ""type"": ""month""}, {""range"": ""Bases!$J:$J"", ""col"": ""J"", ""arg"": ""\""Ingreso\"""", ""value"": ""Ingreso"", ""type"": ""literal""}]"
F.D.KMT.01,T12,"=SUMIFS(Bases!$L:$L,Bases!$I:$I,'F.D.KMT.01'!$C12,Bases!$M:$M,YEAR('F.D.KMT.01'!T$6),Bases!$N:$N,MONTH('F.D.KMT.01'!T$6),Bases!$J:$J,""Ingreso"")",L,0,0.0,0.0,0.0,PASS_TOLERANCE,"[{""range"": ""Bases!$I:$I"", ""col"": ""I"", ""arg"": ""'F.D.KMT.01'!$C12"", ""value"": ""Bahía Barnes"", ""type"": ""cell""}, {""range"": ""Bases!$M:$M"", ""col"": ""M"", ""arg"": ""YEAR('F.D.KMT.01'!T$6)"", ""value"": 2026, ""type"": ""year""}, {""range"": ""Bases!$N:$N"", ""col"": ""N"", ""arg"": ""MONTH('F.D.KMT.01'!T$6)"", ""value"": 3, ""type"": ""month""}, {""range"": ""Bases!$J:$J"", ""col"": ""J"", ""arg"": ""\""Ingreso\"""", ""value"": ""Ingreso"", ""type"": ""literal""}]"
F.D.KMT.01,U12,"=SUMIFS(Bases!$L:$L,Bases!$I:$I,'F.D.KMT.01'!$C12,Bases!$M:$M,YEAR('F.D.KMT.01'!U$6),Bases!$N:$N,MONTH('F.D.KMT.01'!U$6),Bases!$J:$J,""Ingreso"")",L,1,178.0048,178.0047862021006,0.0,PASS_TOLERANCE,"[{""range"": ""Bases!$I:$I"", ""col"": ""I"", ""arg"": ""'F.D.KMT.01'!$C12"", ""value"": ""Bahía Barnes"", ""type"": ""cell""}, {""range"": ""Bases!$M:$M"", ""col"": ""M"", ""arg"": ""YEAR('F.D.KMT.01'!U$6)"", ""value"": 2026, ""type"": ""year""}, {""range"": ""Bases!$N:$N"", ""col"": ""N"", ""arg"": ""MONTH('F.D.KMT.01'!U$6)"", ""value"": 4, ""type"": ""month""}, {""range"": ""Bases!$J:$J"", ""col"": ""J"", ""arg"": ""\""Ingreso\"""", ""value"": ""Ingreso"", ""type"": ""literal""}]"
F.D.KMT.01,V12,"=SUMIFS(Bases!$L:$L,Bases!$I:$I,'F.D.KMT.01'!$C12,Bases!$M:$M,YEAR('F.D.KMT.01'!V$6),Bases!$N:$N,MONTH('F.D.KMT.01'!V$6),Bases!$J:$J,""Ingreso"")",L,1,179.0946,179.09459054345902,0.0,PASS_TOLERANCE,"[{""range"": ""Bases!$I:$I"", ""col"": ""I"", ""arg"": ""'F.D.KMT.01'!$C12"", ""value"": ""Bahía Barnes"", ""type"": ""cell""}, {""range"": ""Bases!$M:$M"", ""col"": ""M"", ""arg"": ""YEAR('F.D.KMT.01'!V$6)"", ""value"": 2026, ""type"": ""year""}, {""range"": ""Bases!$N:$N"", ""col"": ""N"", ""arg"": ""MONTH('F.D.KMT.01'!V$6)"", ""value"": 5, ""type"": ""month""}, {""range"": ""Bases!$J:$J"", ""col"": ""J"", ""arg"": ""\""Ingreso\"""", ""value"": ""Ingreso"", ""type"": ""literal""}]"
F.D.KMT.01,W12,"=SUMIFS(Bases!$L:$L,Bases!$I:$I,'F.D.KMT.01'!$C12,Bases!$M:$M,YEAR('F.D.KMT.01'!W$6),Bases!$N:$N,MONTH('F.D.KMT.01'!W$6),Bases!$J:$J,""Ingreso"")",L,1,178.7689,178.76894539898996,0.0,PASS_TOLERANCE,"[{""range"": ""Bases!$I:$I"", ""col"": ""I"", ""arg"": ""'F.D.KMT.01'!$C12"", ""value"": ""Bahía Barnes"", ""type"": ""cell""}, {""range"": ""Bases!$M:$M"", ""col"": ""M"", ""arg"": ""YEAR('F.D.KMT.01'!W$6)"", ""value"": 2026, ""type"": ""year""}, {""range"": ""Bases!$N:$N"", ""col"": ""N"", ""arg"": ""MONTH('F.D.KMT.01'!W$6)"", ""value"": 6, ""type"": ""month""}, {""range"": ""Bases!$J:$J"", ""col"": ""J"", ""arg"": ""\""Ingreso\"""", ""value"": ""Ingreso"", ""type"": ""literal""}]"
F.D.KMT.01,E13,"=SUMIFS(Bases!$L:$L,Bases!$I:$I,'F.D.KMT.01'!$C13,Bases!$M:$M,YEAR('F.D.KMT.01'!E$6),Bases!$N:$N,MONTH('F.D.KMT.01'!E$6),Bases!$J:$J,""Ingreso"")",L,0,0.0,0.0,0.0,PASS_TOLERANCE,"[{""range"": ""Bases!$I:$I"", ""col"": ""I"", ""arg"": ""'F.D.KMT.01'!$C13"", ""value"": ""Marina"", ""type"": ""cell""}, {""range"": ""Bases!$M:$M"", ""col"": ""M"", ""arg"": ""YEAR('F.D.KMT.01'!E$6)"", ""value"": 2025, ""type"": ""year""}, {""range"": ""Bases!$N:$N"", ""col"": ""N"", ""arg"": ""MONTH('F.D.KMT.01'!E$6)"", ""value"": 1, ""type"": ""month""}, {""range"": ""Bases!$J:$J"", ""col"": ""J"", ""arg"": ""\""Ingreso\"""", ""value"": ""Ingreso"", ""type"": ""literal""}]"
F.D.KMT.01,F13,"=SUMIFS(Bases!$L:$L,Bases!$I:$I,'F.D.KMT.01'!$C13,Bases!$M:$M,YEAR('F.D.KMT.01'!F$6),Bases!$N:$N,MONTH('F.D.KMT.01'!F$6),Bases!$J:$J,""Ingreso"")",L,1,27.9074,27.90736214974762,0.0,PASS_TOLERANCE,"[{""range"": ""Bases!$I:$I"", ""col"": ""I"", ""arg"": ""'F.D.KMT.01'!$C13"", ""value"": ""Marina"", ""type"": ""cell""}, {""range"": ""Bases!$M:$M"", ""col"": ""M"", ""arg"": ""YEAR('F.D.KMT.01'!F$6)"", ""value"": 2025, ""type"": ""year""}, {""range"": ""Bases!$N:$N"", ""col"": ""N"", ""arg"": ""MONTH('F.D.KMT.01'!F$6)"", ""value"": 2, ""type"": ""month""}, {""range"": ""Bases!$J:$J"", ""col"": ""J"", ""arg"": ""\""Ingreso\"""", ""value"": ""Ingreso"", ""type"": ""literal""}]"
F.D.KMT.01,G13,"=SUMIFS(Bases!$L:$L,Bases!$I:$I,'F.D.KMT.01'!$C13,Bases!$M:$M,YEAR('F.D.KMT.01'!G$6),Bases!$N:$N,MONTH('F.D.KMT.01'!G$6),Bases!$J:$J,""Ingreso"")",L,1,27.6576,27.65760963879317,0.0,PASS_TOLERANCE,"[{""range"": ""Bases!$I:$I"", ""col"": ""I"", ""arg"": ""'F.D.KMT.01'!$C13"", ""value"": ""Marina"", ""type"": ""cell""}, {""range"": ""Bases!$M:$M"", ""col"": ""M"", ""arg"": ""YEAR('F.D.KMT.01'!G$6)"", ""value"": 2025, ""type"": ""year""}, {""range"": ""Bases!$N:$N"", ""col"": ""N"", ""arg"": ""MONTH('F.D.KMT.01'!G$6)"", ""value"": 3, ""type"": ""month""}, {""range"": ""Bases!$J:$J"", ""col"": ""J"", ""arg"": ""\""Ingreso\"""", ""value"": ""Ingreso"", ""type"": ""literal""}]"
F.D.KMT.01,H13,"=SUMIFS(Bases!$L:$L,Bases!$I:$I,'F.D.KMT.01'!$C13,Bases!$M:$M,YEAR('F.D.KMT.01'!H$6),Bases!$N:$N,MONTH('F.D.KMT.01'!H$6),Bases!$J:$J,""Ingreso"")",L,2,54.9413,54.94129811172312,0.0,PASS_TOLERANCE,"[{""range"": ""Bases!$I:$I"", ""col"": ""I"", ""arg"": ""'F.D.KMT.01'!$C13"", ""value"": ""Marina"", ""type"": ""cell""}, {""range"": ""Bases!$M:$M"", ""col"": ""M"", ""arg"": ""YEAR('F.D.KMT.01'!H$6)"", ""value"": 2025, ""type"": ""year""}, {""range"": ""Bases!$N:$N"", ""col"": ""N"", ""arg"": ""MONTH('F.D.KMT.01'!H$6)"", ""value"": 4, ""type"": ""month""}, {""range"": ""Bases!$J:$J"", ""col"": ""J"", ""arg"": ""\""Ingreso\"""", ""value"": ""Ingreso"", ""type"": ""literal""}]"
F.D.KMT.01,I13,"=SUMIFS(Bases!$L:$L,Bases!$I:$I,'F.D.KMT.01'!$C13,Bases!$M:$M,YEAR('F.D.KMT.01'!I$6),Bases!$N:$N,MONTH('F.D.KMT.01'!I$6),Bases!$J:$J,""Ingreso"")",L,0,0.0,0.0,0.0,PASS_TOLERANCE,"[{""range"": ""Bases!$I:$I"", ""col"": ""I"", ""arg"": ""'F.D.KMT.01'!$C13"", ""value"": ""Marina"", ""type"": ""cell""}, {""range"": ""Bases!$M:$M"", ""col"": ""M"", ""arg"": ""YEAR('F.D.KMT.01'!I$6)"", ""value"": 2025, ""type"": ""year""}, {""range"": ""Bases!$N:$N"", ""col"": ""N"", ""arg"": ""MONTH('F.D.KMT.01'!I$6)"", ""value"": 5, ""type"": ""month""}, {""range"": ""Bases!$J:$J"", ""col"": ""J"", ""arg"": ""\""Ingreso\"""", ""value"": ""Ingreso"", ""type"": ""literal""}]"
F.D.KMT.01,J13,"=SUMIFS(Bases!$L:$L,Bases!$I:$I,'F.D.KMT.01'!$C13,Bases!$M:$M,YEAR('F.D.KMT.01'!J$6),Bases!$N:$N,MONTH('F.D.KMT.01'!J$6),Bases!$J:$J,""Ingreso"")",L,2,54.5983,54.59826103277064,0.0,PASS_TOLERANCE,"[{""range"": ""Bases!$I:$I"", ""col"": ""I"", ""arg"": ""'F.D.KMT.01'!$C13"", ""value"": ""Marina"", ""type"": ""cell""}, {""range"": ""Bases!$M:$M"", ""col"": ""M"", ""arg"": ""YEAR('F.D.KMT.01'!J$6)"", ""value"": 2025, ""type"": ""year""}, {""range"": ""Bases!$N:$N"", ""col"": ""N"", ""arg"": ""MONTH('F.D.KMT.01'!J$6)"", ""value"": 6, ""type"": ""month""}, {""range"": ""Bases!$J:$J"", ""col"": ""J"", ""arg"": ""\""Ingreso\"""", ""value"": ""Ingreso"", ""type"": ""literal""}]"
F.D.KMT.01,K13,"=SUMIFS(Bases!$L:$L,Bases!$I:$I,'F.D.KMT.01'!$C13,Bases!$M:$M,YEAR('F.D.KMT.01'!K$6),Bases!$N:$N,MONTH('F.D.KMT.01'!K$6),Bases!$J:$J,""Ingreso"")",L,1,27.3361,27.336065918970387,0.0,PASS_TOLERANCE,"[{""range"": ""Bases!$I:$I"", ""col"": ""I"", ""arg"": ""'F.D.KMT.01'!$C13"", ""value"": ""Marina"", ""type"": ""cell""}, {""range"": ""Bases!$M:$M"", ""col"": ""M"", ""arg"": ""YEAR('F.D.KMT.01'!K$6)"", ""value"": 2025, ""type"": ""year""}, {""range"": ""Bases!$N:$N"", ""col"": ""N"", ""arg"": ""MONTH('F.D.KMT.01'!K$6)"", ""value"": 7, ""type"": ""month""}, {""range"": ""Bases!$J:$J"", ""col"": ""J"", ""arg"": ""\""Ingreso\"""", ""value"": ""Ingreso"", ""type"": ""literal""}]"
F.D.KMT.01,L13,"=SUMIFS(Bases!$L:$L,Bases!$I:$I,'F.D.KMT.01'!$C13,Bases!$M:$M,YEAR('F.D.KMT.01'!L$6),Bases!$N:$N,MONTH('F.D.KMT.01'!L$6),Bases!$J:$J,""Ingreso"")",L,1,27.2101,27.210144632970465,0.0,PASS_TOLERANCE,"[{""range"": ""Bases!$I:$I"", ""col"": ""I"", ""arg"": ""'F.D.KMT.01'!$C13"", ""value"": ""Marina"", ""type"": ""cell""}, {""range"": ""Bases!$M:$M"", ""col"": ""M"", ""arg"": ""YEAR('F.D.KMT.01'!L$6)"", ""value"": 2025, ""type"": ""year""}, {""range"": ""Bases!$N:$N"", ""col"": ""N"", ""arg"": ""MONTH('F.D.KMT.01'!L$6)"", ""value"": 8, ""type"": ""month""}, {""range"": ""Bases!$J:$J"", ""col"": ""J"", ""arg"": ""\""Ingreso\"""", ""value"": ""Ingreso"", ""type"": ""literal""}]"
F.D.KMT.01,M13,"=SUMIFS(Bases!$L:$L,Bases!$I:$I,'F.D.KMT.01'!$C13,Bases!$M:$M,YEAR('F.D.KMT.01'!M$6),Bases!$N:$N,MONTH('F.D.KMT.01'!M$6),Bases!$J:$J,""Ingreso"")",L,1,27.1238,27.123777878799007,0.0,PASS_TOLERANCE,"[{""range"": ""Bases!$I:$I"", ""col"": ""I"", ""arg"": ""'F.D.KMT.01'!$C13"", ""value"": ""Marina"", ""type"": ""cell""}, {""range"": ""Bases!$M:$M"", ""col"": ""M"", ""arg"": ""YEAR('F.D.KMT.01'!M$6)"", ""value"": 2025, ""type"": ""year""}, {""range"": ""Bases!$N:$N"", ""col"": ""N"", ""arg"": ""MONTH('F.D.KMT.01'!M$6)"", ""value"": 9, ""type"": ""month""}, {""range"": ""Bases!$J:$J"", ""col"": ""J"", ""arg"": ""\""Ingreso\"""", ""value"": ""Ingreso"", ""type"": ""literal""}]"
F.D.KMT.01,N13,"=SUMIFS(Bases!$L:$L,Bases!$I:$I,'F.D.KMT.01'!$C13,Bases!$M:$M,YEAR('F.D.KMT.01'!N$6),Bases!$N:$N,MONTH('F.D.KMT.01'!N$6),Bases!$J:$J,""Ingreso"")",L,0,0.0,0.0,0.0,PASS_TOLERANCE,"[{""range"": ""Bases!$I:$I"", ""col"": ""I"", ""arg"": ""'F.D.KMT.01'!$C13"", ""value"": ""Marina"", ""type"": ""cell""}, {""range"": ""Bases!$M:$M"", ""col"": ""M"", ""arg"": ""YEAR('F.D.KMT.01'!N$6)"", ""value"": 2025, ""type"": ""year""}, {""range"": ""Bases!$N:$N"", ""col"": ""N"", ""arg"": ""MONTH('F.D.KMT.01'!N$6)"", ""value"": 10, ""type"": ""month""}, {""range"": ""Bases!$J:$J"", ""col"": ""J"", ""arg"": ""\""Ingreso\"""", ""value"": ""Ingreso"", ""type"": ""literal""}]"
F.D.KMT.01,O13,"=SUMIFS(Bases!$L:$L,Bases!$I:$I,'F.D.KMT.01'!$C13,Bases!$M:$M,YEAR('F.D.KMT.01'!O$6),Bases!$N:$N,MONTH('F.D.KMT.01'!O$6),Bases!$J:$J,""Ingreso"")",L,1,27.0366,27.03659937641636,0.0,PASS_TOLERANCE,"[{""range"": ""Bases!$I:$I"", ""col"": ""I"", ""arg"": ""'F.D.KMT.01'!$C13"", ""value"": ""Marina"", ""type"": ""cell""}, {""range"": ""Bases!$M:$M"", ""col"": ""M"", ""arg"": ""YEAR('F.D.KMT.01'!O$6)"", ""value"": 2025, ""type"": ""year""}, {""range"": ""Bases!$N:$N"", ""col"": ""N"", ""arg"": ""MONTH('F.D.KMT.01'!O$6)"", ""value"": 11, ""type"": ""month""}, {""range"": ""Bases!$J:$J"", ""col"": ""J"", ""arg"": ""\""Ingreso\"""", ""value"": ""Ingreso"", ""type"": ""literal""}]"
F.D.KMT.01,P13,"=SUMIFS(Bases!$L:$L,Bases!$I:$I,'F.D.KMT.01'!$C13,Bases!$M:$M,YEAR('F.D.KMT.01'!P$6),Bases!$N:$N,MONTH('F.D.KMT.01'!P$6),Bases!$J:$J,""Ingreso"")",L,1,27.0157,27.01571679053285,0.0,PASS_TOLERANCE,"[{""range"": ""Bases!$I:$I"", ""col"": ""I"", ""arg"": ""'F.D.KMT.01'!$C13"", ""value"": ""Marina"", ""type"": ""cell""}, {""range"": ""Bases!$M:$M"", ""col"": ""M"", ""arg"": ""YEAR('F.D.KMT.01'!P$6)"", ""value"": 2025, ""type"": ""year""}, {""range"": ""Bases!$N:$N"", ""col"": ""N"", ""arg"": ""MONTH('F.D.KMT.01'!P$6)"", ""value"": 12, ""type"": ""month""}, {""range"": ""Bases!$J:$J"", ""col"": ""J"", ""arg"": ""\""Ingreso\"""", ""value"": ""Ingreso"", ""type"": ""literal""}]"
F.D.KMT.01,R13,"=SUMIFS(Bases!$L:$L,Bases!$I:$I,'F.D.KMT.01'!$C13,Bases!$M:$M,YEAR('F.D.KMT.01'!R$6),Bases!$N:$N,MONTH('F.D.KMT.01'!R$6),Bases!$J:$J,""Ingreso"")",L,1,26.9531,26.953140040814755,0.0,PASS_TOLERANCE,"[{""range"": ""Bases!$I:$I"", ""col"": ""I"", ""arg"": ""'F.D.KMT.01'!$C13"", ""value"": ""Marina"", ""type"": ""cell""}, {""range"": ""Bases!$M:$M"", ""col"": ""M"", ""arg"": ""YEAR('F.D.KMT.01'!R$6)"", ""value"": 2026, ""type"": ""year""}, {""range"": ""Bases!$N:$N"", ""col"": ""N"", ""arg"": ""MONTH('F.D.KMT.01'!R$6)"", ""value"": 1, ""type"": ""month""}, {""range"": ""Bases!$J:$J"", ""col"": ""J"", ""arg"": ""\""Ingreso\"""", ""value"": ""Ingreso"", ""type"": ""literal""}]"
F.D.KMT.01,S13,"=SUMIFS(Bases!$L:$L,Bases!$I:$I,'F.D.KMT.01'!$C13,Bases!$M:$M,YEAR('F.D.KMT.01'!S$6),Bases!$N:$N,MONTH('F.D.KMT.01'!S$6),Bases!$J:$J,""Ingreso"")",L,1,26.9767,26.976691231996018,0.0,PASS_TOLERANCE,"[{""range"": ""Bases!$I:$I"", ""col"": ""I"", ""arg"": ""'F.D.KMT.01'!$C13"", ""value"": ""Marina"", ""type"": ""cell""}, {""range"": ""Bases!$M:$M"", ""col"": ""M"", ""arg"": ""YEAR('F.D.KMT.01'!S$6)"", ""value"": 2026, ""type"": ""year""}, {""range"": ""Bases!$N:$N"", ""col"": ""N"", ""arg"": ""MONTH('F.D.KMT.01'!S$6)"", ""value"": 2, ""type"": ""month""}, {""range"": ""Bases!$J:$J"", ""col"": ""J"", ""arg"": ""\""Ingreso\"""", ""value"": ""Ingreso"", ""type"": ""literal""}]"
F.D.KMT.01,T13,"=SUMIFS(Bases!$L:$L,Bases!$I:$I,'F.D.KMT.01'!$C13,Bases!$M:$M,YEAR('F.D.KMT.01'!T$6),Bases!$N:$N,MONTH('F.D.KMT.01'!T$6),Bases!$J:$J,""Ingreso"")",L,1,26.9044,26.904376420110204,0.0,PASS_TOLERANCE,"[{""range"": ""Bases!$I:$I"", ""col"": ""I"", ""arg"": ""'F.D.KMT.01'!$C13"", ""value"": ""Marina"", ""type"": ""cell""}, {""range"": ""Bases!$M:$M"", ""col"": ""M"", ""arg"": ""YEAR('F.D.KMT.01'!T$6)"", ""value"": 2026, ""type"": ""year""}, {""range"": ""Bases!$N:$N"", ""col"": ""N"", ""arg"": ""MONTH('F.D.KMT.01'!T$6)"", ""value"": 3, ""type"": ""month""}, {""range"": ""Bases!$J:$J"", ""col"": ""J"", ""arg"": ""\""Ingreso\"""", ""value"": ""Ingreso"", ""type"": ""literal""}]"
F.D.KMT.01,U13,"=SUMIFS(Bases!$L:$L,Bases!$I:$I,'F.D.KMT.01'!$C13,Bases!$M:$M,YEAR('F.D.KMT.01'!U$6),Bases!$N:$N,MONTH('F.D.KMT.01'!U$6),Bases!$J:$J,""Ingreso"")",L,1,26.8395,26.83946869583228,0.0,PASS_TOLERANCE,"[{""range"": ""Bases!$I:$I"", ""col"": ""I"", ""arg"": ""'F.D.KMT.01'!$C13"", ""value"": ""Marina"", ""type"": ""cell""}, {""range"": ""Bases!$M:$M"", ""col"": ""M"", ""arg"": ""YEAR('F.D.KMT.01'!U$6)"", ""value"": 2026, ""type"": ""year""}, {""range"": ""Bases!$N:$N"", ""col"": ""N"", ""arg"": ""MONTH('F.D.KMT.01'!U$6)"", ""value"": 4, ""type"": ""month""}, {""range"": ""Bases!$J:$J"", ""col"": ""J"", ""arg"": ""\""Ingreso\"""", ""value"": ""Ingreso"", ""type"": ""literal""}]"
F.D.KMT.01,P14,"=SUMIFS(Bases!$L:$L,Bases!$I:$I,'F.D.KMT.01'!$C14,Bases!$M:$M,YEAR('F.D.KMT.01'!P$6),Bases!$N:$N,MONTH('F.D.KMT.01'!P$6),Bases!$J:$J,""Ingreso"")",L,0,0.0,0.0,0.0,PASS_TOLERANCE,"[{""range"": ""Bases!$I:$I"", ""col"": ""I"", ""arg"": ""'F.D.KMT.01'!$C14"", ""value"": ""Consesionaria Alonso de Cord."", ""type"": ""cell""}, {""range"": ""Bases!$M:$M"", ""col"": ""M"", ""arg"": ""YEAR('F.D.KMT.01'!P$6)"", ""value"": 2025, ""type"": ""year""}, {""range"": ""Bases!$N:$N"", ""col"": ""N"", ""arg"": ""MONTH('F.D.KMT.01'!P$6)"", ""value"": 12, ""type"": ""month""}, {""range"": ""Bases!$J:$J"", ""col"": ""J"", ""arg"": ""\""Ingreso\"""", ""value"": ""Ingreso"", ""type"": ""literal""}]"
F.D.KMT.01,R14,"=SUMIFS(Bases!$L:$L,Bases!$I:$I,'F.D.KMT.01'!$C14,Bases!$M:$M,YEAR('F.D.KMT.01'!R$6),Bases!$N:$N,MONTH('F.D.KMT.01'!R$6),Bases!$J:$J,""Ingreso"")",L,0,0.0,0.0,0.0,PASS_TOLERANCE,"[{""range"": ""Bases!$I:$I"", ""col"": ""I"", ""arg"": ""'F.D.KMT.01'!$C14"", ""value"": ""Consesionaria Alonso de Cord."", ""type"": ""cell""}, {""range"": ""Bases!$M:$M"", ""col"": ""M"", ""arg"": ""YEAR('F.D.KMT.01'!R$6)"", ""value"": 2026, ""type"": ""year""}, {""range"": ""Bases!$N:$N"", ""col"": ""N"", ""arg"": ""MONTH('F.D.KMT.01'!R$6)"", ""value"": 1, ""type"": ""month""}, {""range"": ""Bases!$J:$J"", ""col"": ""J"", ""arg"": ""\""Ingreso\"""", ""value"": ""Ingreso"", ""type"": ""literal""}]"
F.D.KMT.01,S14,"=SUMIFS(Bases!$L:$L,Bases!$I:$I,'F.D.KMT.01'!$C14,Bases!$M:$M,YEAR('F.D.KMT.01'!S$6),Bases!$N:$N,MONTH('F.D.KMT.01'!S$6),Bases!$J:$J,""Ingreso"")",L,0,0.0,0.0,0.0,PASS_TOLERANCE,"[{""range"": ""Bases!$I:$I"", ""col"": ""I"", ""arg"": ""'F.D.KMT.01'!$C14"", ""value"": ""Consesionaria Alonso de Cord."", ""type"": ""cell""}, {""range"": ""Bases!$M:$M"", ""col"": ""M"", ""arg"": ""YEAR('F.D.KMT.01'!S$6)"", ""value"": 2026, ""type"": ""year""}, {""range"": ""Bases!$N:$N"", ""col"": ""N"", ""arg"": ""MONTH('F.D.KMT.01'!S$6)"", ""value"": 2, ""type"": ""month""}, {""range"": ""Bases!$J:$J"", ""col"": ""J"", ""arg"": ""\""Ingreso\"""", ""value"": ""Ingreso"", ""type"": ""literal""}]"
F.D.KMT.01,T14,"=SUMIFS(Bases!$L:$L,Bases!$I:$I,'F.D.KMT.01'!$C14,Bases!$M:$M,YEAR('F.D.KMT.01'!T$6),Bases!$N:$N,MONTH('F.D.KMT.01'!T$6),Bases!$J:$J,""Ingreso"")",L,0,0.0,0.0,0.0,PASS_TOLERANCE,"[{""range"": ""Bases!$I:$I"", ""col"": ""I"", ""arg"": ""'F.D.KMT.01'!$C14"", ""value"": ""Consesionaria Alonso de Cord."", ""type"": ""cell""}, {""range"": ""Bases!$M:$M"", ""col"": ""M"", ""arg"": ""YEAR('F.D.KMT.01'!T$6)"", ""value"": 2026, ""type"": ""year""}, {""range"": ""Bases!$N:$N"", ""col"": ""N"", ""arg"": ""MONTH('F.D.KMT.01'!T$6)"", ""value"": 3, ""type"": ""month""}, {""range"": ""Bases!$J:$J"", ""col"": ""J"", ""arg"": ""\""Ingreso\"""", ""value"": ""Ingreso"", ""type"": ""literal""}]"
F.D.KMT.01,U14,"=SUMIFS(Bases!$L:$L,Bases!$I:$I,'F.D.KMT.01'!$C14,Bases!$M:$M,YEAR('F.D.KMT.01'!U$6),Bases!$N:$N,MONTH('F.D.KMT.01'!U$6),Bases!$J:$J,""Ingreso"")",L,0,0.0,0.0,0.0,PASS_TOLERANCE,"[{""range"": ""Bases!$I:$I"", ""col"": ""I"", ""arg"": ""'F.D.KMT.01'!$C14"", ""value"": ""Consesionaria Alonso de Cord."", ""type"": ""cell""}, {""range"": ""Bases!$M:$M"", ""col"": ""M"", ""arg"": ""YEAR('F.D.KMT.01'!U$6)"", ""value"": 2026, ""type"": ""year""}, {""range"": ""Bases!$N:$N"", ""col"": ""N"", ""arg"": ""MONTH('F.D.KMT.01'!U$6)"", ""value"": 4, ""type"": ""month""}, {""range"": ""Bases!$J:$J"", ""col"": ""J"", ""arg"": ""\""Ingreso\"""", ""value"": ""Ingreso"", ""type"": ""literal""}]"
F.D.KMT.01,V14,"=SUMIFS(Bases!$L:$L,Bases!$I:$I,'F.D.KMT.01'!$C14,Bases!$M:$M,YEAR('F.D.KMT.01'!V$6),Bases!$N:$N,MONTH('F.D.KMT.01'!V$6),Bases!$J:$J,""Ingreso"")",L,0,0.0,0.0,0.0,PASS_TOLERANCE,"[{""range"": ""Bases!$I:$I"", ""col"": ""I"", ""arg"": ""'F.D.KMT.01'!$C14"", ""value"": ""Consesionaria Alonso de Cord."", ""type"": ""cell""}, {""range"": ""Bases!$M:$M"", ""col"": ""M"", ""arg"": ""YEAR('F.D.KMT.01'!V$6)"", ""value"": 2026, ""type"": ""year""}, {""range"": ""Bases!$N:$N"", ""col"": ""N"", ""arg"": ""MONTH('F.D.KMT.01'!V$6)"", ""value"": 5, ""type"": ""month""}, {""range"": ""Bases!$J:$J"", ""col"": ""J"", ""arg"": ""\""Ingreso\"""", ""value"": ""Ingreso"", ""type"": ""literal""}]"
F.D.KMT.01,E15,"=SUMIFS(Bases!$L:$L,Bases!$I:$I,'F.D.KMT.01'!$C15,Bases!$M:$M,YEAR('F.D.KMT.01'!E$6),Bases!$N:$N,MONTH('F.D.KMT.01'!E$6),Bases!$J:$J,""Ingreso"")",L,1,356.9309,356.930899899562,0.0,PASS_TOLERANCE,"[{""range"": ""Bases!$I:$I"", ""col"": ""I"", ""arg"": ""'F.D.KMT.01'!$C15"", ""value"": ""Be Smart"", ""type"": ""cell""}, {""range"": ""Bases!$M:$M"", ""col"": ""M"", ""arg"": ""YEAR('F.D.KMT.01'!E$6)"", ""value"": 2025, ""type"": ""year""}, {""range"": ""Bases!$N:$N"", ""col"": ""N"", ""arg"": ""MONTH('F.D.KMT.01'!E$6)"", ""value"": 1, ""type"": ""month""}, {""range"": ""Bases!$J:$J"", ""col"": ""J"", ""arg"": ""\""Ingreso\"""", ""value"": ""Ingreso"", ""type"": ""literal""}]"
F.D.KMT.01,F15,"=SUMIFS(Bases!$L:$L,Bases!$I:$I,'F.D.KMT.01'!$C15,Bases!$M:$M,YEAR('F.D.KMT.01'!F$6),Bases!$N:$N,MONTH('F.D.KMT.01'!F$6),Bases!$J:$J,""Ingreso"")",L,1,357.2791,357.27910093156646,0.0,PASS_TOLERANCE,"[{""range"": ""Bases!$I:$I"", ""col"": ""I"", ""arg"": ""'F.D.KMT.01'!$C15"", ""value"": ""Be Smart"", ""type"": ""cell""}, {""range"": ""Bases!$M:$M"", ""col"": ""M"", ""arg"": ""YEAR('F.D.KMT.01'!F$6)"", ""value"": 2025, ""type"": ""year""}, {""range"": ""Bases!$N:$N"", ""col"": ""N"", ""arg"": ""MONTH('F.D.KMT.01'!F$6)"", ""value"": 2, ""type"": ""month""}, {""range"": ""Bases!$J:$J"", ""col"": ""J"", ""arg"": ""\""Ingreso\"""", ""value"": ""Ingreso"", ""type"": ""literal""}]"
F.D.KMT.01,G15,"=SUMIFS(Bases!$L:$L,Bases!$I:$I,'F.D.KMT.01'!$C15,Bases!$M:$M,YEAR('F.D.KMT.01'!G$6),Bases!$N:$N,MONTH('F.D.KMT.01'!G$6),Bases!$J:$J,""Ingreso"")",L,1,357.2299,357.22988555427605,0.0,PASS_TOLERANCE,"[{""range"": ""Bases!$I:$I"", ""col"": ""I"", ""arg"": ""'F.D.KMT.01'!$C15"", ""value"": ""Be Smart"", ""type"": ""cell""}, {""range"": ""Bases!$M:$M"", ""col"": ""M"", ""arg"": ""YEAR('F.D.KMT.01'!G$6)"", ""value"": 2025, ""type"": ""year""}, {""range"": ""Bases!$N:$N"", ""col"": ""N"", ""arg"": ""MONTH('F.D.KMT.01'!G$6)"", ""value"": 3, ""type"": ""month""}, {""range"": ""Bases!$J:$J"", ""col"": ""J"", ""arg"": ""\""Ingreso\"""", ""value"": ""Ingreso"", ""type"": ""literal""}]"
F.D.KMT.01,H15,"=SUMIFS(Bases!$L:$L,Bases!$I:$I,'F.D.KMT.01'!$C15,Bases!$M:$M,YEAR('F.D.KMT.01'!H$6),Bases!$N:$N,MONTH('F.D.KMT.01'!H$6),Bases!$J:$J,""Ingreso"")",L,1,357.2969,357.2968890150178,0.0,PASS_TOLERANCE,"[{""range"": ""Bases!$I:$I"", ""col"": ""I"", ""arg"": ""'F.D.KMT.01'!$C15"", ""value"": ""Be Smart"", ""type"": ""cell""}, {""range"": ""Bases!$M:$M"", ""col"": ""M"", ""arg"": ""YEAR('F.D.KMT.01'!H$6)"", ""value"": 2025, ""type"": ""year""}, {""range"": ""Bases!$N:$N"", ""col"": ""N"", ""arg"": ""MONTH('F.D.KMT.01'!H$6)"", ""value"": 4, ""type"": ""month""}, {""range"": ""Bases!$J:$J"", ""col"": ""J"", ""arg"": ""\""Ingreso\"""", ""value"": ""Ingreso"", ""type"": ""literal""}]"
F.D.KMT.01,I15,"=SUMIFS(Bases!$L:$L,Bases!$I:$I,'F.D.KMT.01'!$C15,Bases!$M:$M,YEAR('F.D.KMT.01'!I$6),Bases!$N:$N,MONTH('F.D.KMT.01'!I$6),Bases!$J:$J,""Ingreso"")",L,1,357.092,357.09203955655215,0.0,PASS_TOLERANCE,"[{""range"": ""Bases!$I:$I"", ""col"": ""I"", ""arg"": ""'F.D.KMT.01'!$C15"", ""value"": ""Be Smart"", ""type"": ""cell""}, {""range"": ""Bases!$M:$M"", ""col"": ""M"", ""arg"": ""YEAR('F.D.KMT.01'!I$6)"", ""value"": 2025, ""type"": ""year""}, {""range"": ""Bases!$N:$N"", ""col"": ""N"", ""arg"": ""MONTH('F.D.KMT.01'!I$6)"", ""value"": 5, ""type"": ""month""}, {""range"": ""Bases!$J:$J"", ""col"": ""J"", ""arg"": ""\""Ingreso\"""", ""value"": ""Ingreso"", ""type"": ""literal""}]"
F.D.KMT.01,J15,"=SUMIFS(Bases!$L:$L,Bases!$I:$I,'F.D.KMT.01'!$C15,Bases!$M:$M,YEAR('F.D.KMT.01'!J$6),Bases!$N:$N,MONTH('F.D.KMT.01'!J$6),Bases!$J:$J,""Ingreso"")",L,1,357.0713,357.0712925342652,0.0,PASS_TOLERANCE,"[{""range"": ""Bases!$I:$I"", ""col"": ""I"", ""arg"": ""'F.D.KMT.01'!$C15"", ""value"": ""Be Smart"", ""type"": ""cell""}, {""range"": ""Bases!$M:$M"", ""col"": ""M"", ""arg"": ""YEAR('F.D.KMT.01'!J$6)"", ""value"": 2025, ""type"": ""year""}, {""range"": ""Bases!$N:$N"", ""col"": ""N"", ""arg"": ""MONTH('F.D.KMT.01'!J$6)"", ""value"": 6, ""type"": ""month""}, {""range"": ""Bases!$J:$J"", ""col"": ""J"", ""arg"": ""\""Ingreso\"""", ""value"": ""Ingreso"", ""type"": ""literal""}]"
F.D.KMT.01,K15,"=SUMIFS(Bases!$L:$L,Bases!$I:$I,'F.D.KMT.01'!$C15,Bases!$M:$M,YEAR('F.D.KMT.01'!K$6),Bases!$N:$N,MONTH('F.D.KMT.01'!K$6),Bases!$J:$J,""Ingreso"")",L,0,0.0,0.0,0.0,PASS_TOLERANCE,"[{""range"": ""Bases!$I:$I"", ""col"": ""I"", ""arg"": ""'F.D.KMT.01'!$C15"", ""value"": ""Be Smart"", ""type"": ""cell""}, {""range"": ""Bases!$M:$M"", ""col"": ""M"", ""arg"": ""YEAR('F.D.KMT.01'!K$6)"", ""value"": 2025, ""type"": ""year""}, {""range"": ""Bases!$N:$N"", ""col"": ""N"", ""arg"": ""MONTH('F.D.KMT.01'!K$6)"", ""value"": 7, ""type"": ""month""}, {""range"": ""Bases!$J:$J"", ""col"": ""J"", ""arg"": ""\""Ingreso\"""", ""value"": ""Ingreso"", ""type"": ""literal""}]"
F.D.KMT.01,L15,"=SUMIFS(Bases!$L:$L,Bases!$I:$I,'F.D.KMT.01'!$C15,Bases!$M:$M,YEAR('F.D.KMT.01'!L$6),Bases!$N:$N,MONTH('F.D.KMT.01'!L$6),Bases!$J:$J,""Ingreso"")",L,2,714.7451,714.7451213453387,0.0,PASS_TOLERANCE,"[{""range"": ""Bases!$I:$I"", ""col"": ""I"", ""arg"": ""'F.D.KMT.01'!$C15"", ""value"": ""Be Smart"", ""type"": ""cell""}, {""range"": ""Bases!$M:$M"", ""col"": ""M"", ""arg"": ""YEAR('F.D.KMT.01'!L$6)"", ""value"": 2025, ""type"": ""year""}, {""range"": ""Bases!$N:$N"", ""col"": ""N"", ""arg"": ""MONTH('F.D.KMT.01'!L$6)"", ""value"": 8, ""type"": ""month""}, {""range"": ""Bases!$J:$J"", ""col"": ""J"", ""arg"": ""\""Ingreso\"""", ""value"": ""Ingreso"", ""type"": ""literal""}]"
F.D.KMT.01,M15,"=SUMIFS(Bases!$L:$L,Bases!$I:$I,'F.D.KMT.01'!$C15,Bases!$M:$M,YEAR('F.D.KMT.01'!M$6),Bases!$N:$N,MONTH('F.D.KMT.01'!M$6),Bases!$J:$J,""Ingreso"")",L,2,621.0395,621.039542213437,0.0,PASS_TOLERANCE,"[{""range"": ""Bases!$I:$I"", ""col"": ""I"", ""arg"": ""'F.D.KMT.01'!$C15"", ""value"": ""Be Smart"", ""type"": ""cell""}, {""range"": ""Bases!$M:$M"", ""col"": ""M"", ""arg"": ""YEAR('F.D.KMT.01'!M$6)"", ""value"": 2025, ""type"": ""year""}, {""range"": ""Bases!$N:$N"", ""col"": ""N"", ""arg"": ""MONTH('F.D.KMT.01'!M$6)"", ""value"": 9, ""type"": ""month""}, {""range"": ""Bases!$J:$J"", ""col"": ""J"", ""arg"": ""\""Ingreso\"""", ""value"": ""Ingreso"", ""type"": ""literal""}]"
F.D.KMT.01,N15,"=SUMIFS(Bases!$L:$L,Bases!$I:$I,'F.D.KMT.01'!$C15,Bases!$M:$M,YEAR('F.D.KMT.01'!N$6),Bases!$N:$N,MONTH('F.D.KMT.01'!N$6),Bases!$J:$J,""Ingreso"")",L,0,0.0,0.0,0.0,PASS_TOLERANCE,"[{""range"": ""Bases!$I:$I"", ""col"": ""I"", ""arg"": ""'F.D.KMT.01'!$C15"", ""value"": ""Be Smart"", ""type"": ""cell""}, {""range"": ""Bases!$M:$M"", ""col"": ""M"", ""arg"": ""YEAR('F.D.KMT.01'!N$6)"", ""value"": 2025, ""type"": ""year""}, {""range"": ""Bases!$N:$N"", ""col"": ""N"", ""arg"": ""MONTH('F.D.KMT.01'!N$6)"", ""value"": 10, ""type"": ""month""}, {""range"": ""Bases!$J:$J"", ""col"": ""J"", ""arg"": ""\""Ingreso\"""", ""value"": ""Ingreso"", ""type"": ""literal""}]"
F.D.KMT.01,O15,"=SUMIFS(Bases!$L:$L,Bases!$I:$I,'F.D.KMT.01'!$C15,Bases!$M:$M,YEAR('F.D.KMT.01'!O$6),Bases!$N:$N,MONTH('F.D.KMT.01'!O$6),Bases!$J:$J,""Ingreso"")",L,2,713.8621,713.8621178799323,0.0,PASS_TOLERANCE,"[{""range"": ""Bases!$I:$I"", ""col"": ""I"", ""arg"": ""'F.D.KMT.01'!$C15"", ""value"": ""Be Smart"", ""type"": ""cell""}, {""range"": ""Bases!$M:$M"", ""col"": ""M"", ""arg"": ""YEAR('F.D.KMT.01'!O$6)"", ""value"": 2025, ""type"": ""year""}, {""range"": ""Bases!$N:$N"", ""col"": ""N"", ""arg"": ""MONTH('F.D.KMT.01'!O$6)"", ""value"": 11, ""type"": ""month""}, {""range"": ""Bases!$J:$J"", ""col"": ""J"", ""arg"": ""\""Ingreso\"""", ""value"": ""Ingreso"", ""type"": ""literal""}]"
F.D.KMT.01,P15,"=SUMIFS(Bases!$L:$L,Bases!$I:$I,'F.D.KMT.01'!$C15,Bases!$M:$M,YEAR('F.D.KMT.01'!P$6),Bases!$N:$N,MONTH('F.D.KMT.01'!P$6),Bases!$J:$J,""Ingreso"")",L,0,0.0,0.0,0.0,PASS_TOLERANCE,"[{""range"": ""Bases!$I:$I"", ""col"": ""I"", ""arg"": ""'F.D.KMT.01'!$C15"", ""value"": ""Be Smart"", ""type"": ""cell""}, {""range"": ""Bases!$M:$M"", ""col"": ""M"", ""arg"": ""YEAR('F.D.KMT.01'!P$6)"", ""value"": 2025, ""type"": ""year""}, {""range"": ""Bases!$N:$N"", ""col"": ""N"", ""arg"": ""MONTH('F.D.KMT.01'!P$6)"", ""value"": 12, ""type"": ""month""}, {""range"": ""Bases!$J:$J"", ""col"": ""J"", ""arg"": ""\""Ingreso\"""", ""value"": ""Ingreso"", ""type"": ""literal""}]"
F.D.KMT.01,R15,"=SUMIFS(Bases!$L:$L,Bases!$I:$I,'F.D.KMT.01'!$C15,Bases!$M:$M,YEAR('F.D.KMT.01'!R$6),Bases!$N:$N,MONTH('F.D.KMT.01'!R$6),Bases!$J:$J,""Ingreso"")",L,2,713.9081,713.9080814519414,0.0,PASS_TOLERANCE,"[{""range"": ""Bases!$I:$I"", ""col"": ""I"", ""arg"": ""'F.D.KMT.01'!$C15"", ""value"": ""Be Smart"", ""type"": ""cell""}, {""range"": ""Bases!$M:$M"", ""col"": ""M"", ""arg"": ""YEAR('F.D.KMT.01'!R$6)"", ""value"": 2026, ""type"": ""year""}, {""range"": ""Bases!$N:$N"", ""col"": ""N"", ""arg"": ""MONTH('F.D.KMT.01'!R$6)"", ""value"": 1, ""type"": ""month""}, {""range"": ""Bases!$J:$J"", ""col"": ""J"", ""arg"": ""\""Ingreso\"""", ""value"": ""Ingreso"", ""type"": ""literal""}]"
F.D.KMT.01,S15,"=SUMIFS(Bases!$L:$L,Bases!$I:$I,'F.D.KMT.01'!$C15,Bases!$M:$M,YEAR('F.D.KMT.01'!S$6),Bases!$N:$N,MONTH('F.D.KMT.01'!S$6),Bases!$J:$J,""Ingreso"")",L,0,0.0,0.0,0.0,PASS_TOLERANCE,"[{""range"": ""Bases!$I:$I"", ""col"": ""I"", ""arg"": ""'F.D.KMT.01'!$C15"", ""value"": ""Be Smart"", ""type"": ""cell""}, {""range"": ""Bases!$M:$M"", ""col"": ""M"", ""arg"": ""YEAR('F.D.KMT.01'!S$6)"", ""value"": 2026, ""type"": ""year""}, {""range"": ""Bases!$N:$N"", ""col"": ""N"", ""arg"": ""MONTH('F.D.KMT.01'!S$6)"", ""value"": 2, ""type"": ""month""}, {""range"": ""Bases!$J:$J"", ""col"": ""J"", ""arg"": ""\""Ingreso\"""", ""value"": ""Ingreso"", ""type"": ""literal""}]"
F.D.KMT.01,T15,"=SUMIFS(Bases!$L:$L,Bases!$I:$I,'F.D.KMT.01'!$C15,Bases!$M:$M,YEAR('F.D.KMT.01'!T$6),Bases!$N:$N,MONTH('F.D.KMT.01'!T$6),Bases!$J:$J,""Ingreso"")",L,1,178.4491,178.44908720621436,0.0,PASS_TOLERANCE,"[{""range"": ""Bases!$I:$I"", ""col"": ""I"", ""arg"": ""'F.D.KMT.01'!$C15"", ""value"": ""Be Smart"", ""type"": ""cell""}, {""range"": ""Bases!$M:$M"", ""col"": ""M"", ""arg"": ""YEAR('F.D.KMT.01'!T$6)"", ""value"": 2026, ""type"": ""year""}, {""range"": ""Bases!$N:$N"", ""col"": ""N"", ""arg"": ""MONTH('F.D.KMT.01'!T$6)"", ""value"": 3, ""type"": ""month""}, {""range"": ""Bases!$J:$J"", ""col"": ""J"", ""arg"": ""\""Ingreso\"""", ""value"": ""Ingreso"", ""type"": ""literal""}]"
F.D.KMT.01,U15,"=SUMIFS(Bases!$L:$L,Bases!$I:$I,'F.D.KMT.01'!$C15,Bases!$M:$M,YEAR('F.D.KMT.01'!U$6),Bases!$N:$N,MONTH('F.D.KMT.01'!U$6),Bases!$J:$J,""Ingreso"")",L,3,357.1576,357.1576151165483,0.0,PASS_TOLERANCE,"[{""range"": ""Bases!$I:$I"", ""col"": ""I"", ""arg"": ""'F.D.KMT.01'!$C15"", ""value"": ""Be Smart"", ""type"": ""cell""}, {""range"": ""Bases!$M:$M"", ""col"": ""M"", ""arg"": ""YEAR('F.D.KMT.01'!U$6)"", ""value"": 2026, ""type"": ""year""}, {""range"": ""Bases!$N:$N"", ""col"": ""N"", ""arg"": ""MONTH('F.D.KMT.01'!U$6)"", ""value"": 4, ""type"": ""month""}, {""range"": ""Bases!$J:$J"", ""col"": ""J"", ""arg"": ""\""Ingreso\"""", ""value"": ""Ingreso"", ""type"": ""literal""}]"
F.D.KMT.01,V15,"=SUMIFS(Bases!$L:$L,Bases!$I:$I,'F.D.KMT.01'!$C15,Bases!$M:$M,YEAR('F.D.KMT.01'!V$6),Bases!$N:$N,MONTH('F.D.KMT.01'!V$6),Bases!$J:$J,""Ingreso"")",L,1,178.5,178.5,0.0,PASS_TOLERANCE,"[{""range"": ""Bases!$I:$I"", ""col"": ""I"", ""arg"": ""'F.D.KMT.01'!$C15"", ""value"": ""Be Smart"", ""type"": ""cell""}, {""range"": ""Bases!$M:$M"", ""col"": ""M"", ""arg"": ""YEAR('F.D.KMT.01'!V$6)"", ""value"": 2026, ""type"": ""year""}, {""range"": ""Bases!$N:$N"", ""col"": ""N"", ""arg"": ""MONTH('F.D.KMT.01'!V$6)"", ""value"": 5, ""type"": ""month""}, {""range"": ""Bases!$J:$J"", ""col"": ""J"", ""arg"": ""\""Ingreso\"""", ""value"": ""Ingreso"", ""type"": ""literal""}]"
F.D.KMT.01,E28,"=SUMIFS(Bases!$L:$L,Bases!$I:$I,'F.D.KMT.01'!$C28,Bases!$M:$M,YEAR('F.D.KMT.01'!E$6),Bases!$N:$N,MONTH('F.D.KMT.01'!E$6),Bases!$J:$J,""Ingreso"")",L,1,118.931,118.9309914050789,0.0,PASS_TOLERANCE,"[{""range"": ""Bases!$I:$I"", ""col"": ""I"", ""arg"": ""'F.D.KMT.01'!$C28"", ""value"": ""EOL"", ""type"": ""cell""}, {""range"": ""Bases!$M:$M"", ""col"": ""M"", ""arg"": ""YEAR('F.D.KMT.01'!E$6)"", ""value"": 2025, ""type"": ""year""}, {""range"": ""Bases!$N:$N"", ""col"": ""N"", ""arg"": ""MONTH('F.D.KMT.01'!E$6)"", ""value"": 1, ""type"": ""month""}, {""range"": ""Bases!$J:$J"", ""col"": ""J"", ""arg"": ""\""Ingreso\"""", ""value"": ""Ingreso"", ""type"": ""literal""}]"
F.D.KMT.01,F28,"=SUMIFS(Bases!$L:$L,Bases!$I:$I,'F.D.KMT.01'!$C28,Bases!$M:$M,YEAR('F.D.KMT.01'!F$6),Bases!$N:$N,MONTH('F.D.KMT.01'!F$6),Bases!$J:$J,""Ingreso"")",L,1,118.2348,118.2347712464318,0.0,PASS_TOLERANCE,"[{""range"": ""Bases!$I:$I"", ""col"": ""I"", ""arg"": ""'F.D.KMT.01'!$C28"", ""value"": ""EOL"", ""type"": ""cell""}, {""range"": ""Bases!$M:$M"", ""col"": ""M"", ""arg"": ""YEAR('F.D.KMT.01'!F$6)"", ""value"": 2025, ""type"": ""year""}, {""range"": ""Bases!$N:$N"", ""col"": ""N"", ""arg"": ""MONTH('F.D.KMT.01'!F$6)"", ""value"": 2, ""type"": ""month""}, {""range"": ""Bases!$J:$J"", ""col"": ""J"", ""arg"": ""\""Ingreso\"""", ""value"": ""Ingreso"", ""type"": ""literal""}]"
F.D.KMT.01,G28,"=SUMIFS(Bases!$L:$L,Bases!$I:$I,'F.D.KMT.01'!$C28,Bases!$M:$M,YEAR('F.D.KMT.01'!G$6),Bases!$N:$N,MONTH('F.D.KMT.01'!G$6),Bases!$J:$J,""Ingreso"")",L,1,118.506,118.50596226757361,0.0,PASS_TOLERANCE,"[{""range"": ""Bases!$I:$I"", ""col"": ""I"", ""arg"": ""'F.D.KMT.01'!$C28"", ""value"": ""EOL"", ""type"": ""cell""}, {""range"": ""Bases!$M:$M"", ""col"": ""M"", ""arg"": ""YEAR('F.D.KMT.01'!G$6)"", ""value"": 2025, ""type"": ""year""}, {""range"": ""Bases!$N:$N"", ""col"": ""N"", ""arg"": ""MONTH('F.D.KMT.01'!G$6)"", ""value"": 3, ""type"": ""month""}, {""range"": ""Bases!$J:$J"", ""col"": ""J"", ""arg"": ""\""Ingreso\"""", ""value"": ""Ingreso"", ""type"": ""literal""}]"
F.D.KMT.01,H28,"=SUMIFS(Bases!$L:$L,Bases!$I:$I,'F.D.KMT.01'!$C28,Bases!$M:$M,YEAR('F.D.KMT.01'!H$6),Bases!$N:$N,MONTH('F.D.KMT.01'!H$6),Bases!$J:$J,""Ingreso"")",L,1,118.8775,118.87746505642855,0.0,PASS_TOLERANCE,"[{""range"": ""Bases!$I:$I"", ""col"": ""I"", ""arg"": ""'F.D.KMT.01'!$C28"", ""value"": ""EOL"", ""type"": ""cell""}, {""range"": ""Bases!$M:$M"", ""col"": ""M"", ""arg"": ""YEAR('F.D.KMT.01'!H$6)"", ""value"": 2025, ""type"": ""year""}, {""range"": ""Bases!$N:$N"", ""col"": ""N"", ""arg"": ""MONTH('F.D.KMT.01'!H$6)"", ""value"": 4, ""type"": ""month""}, {""range"": ""Bases!$J:$J"", ""col"": ""J"", ""arg"": ""\""Ingreso\"""", ""value"": ""Ingreso"", ""type"": ""literal""}]"
F.D.KMT.01,I28,"=SUMIFS(Bases!$L:$L,Bases!$I:$I,'F.D.KMT.01'!$C28,Bases!$M:$M,YEAR('F.D.KMT.01'!I$6),Bases!$N:$N,MONTH('F.D.KMT.01'!I$6),Bases!$J:$J,""Ingreso"")",L,1,118.8419,118.84185536430854,0.0,PASS_TOLERANCE,"[{""range"": ""Bases!$I:$I"", ""col"": ""I"", ""arg"": ""'F.D.KMT.01'!$C28"", ""value"": ""EOL"", ""type"": ""cell""}, {""range"": ""Bases!$M:$M"", ""col"": ""M"", ""arg"": ""YEAR('F.D.KMT.01'!I$6)"", ""value"": 2025, ""type"": ""year""}, {""range"": ""Bases!$N:$N"", ""col"": ""N"", ""arg"": ""MONTH('F.D.KMT.01'!I$6)"", ""value"": 5, ""type"": ""month""}, {""range"": ""Bases!$J:$J"", ""col"": ""J"", ""arg"": ""\""Ingreso\"""", ""value"": ""Ingreso"", ""type"": ""literal""}]"
F.D.KMT.01,J28,"=SUMIFS(Bases!$L:$L,Bases!$I:$I,'F.D.KMT.01'!$C28,Bases!$M:$M,YEAR('F.D.KMT.01'!J$6),Bases!$N:$N,MONTH('F.D.KMT.01'!J$6),Bases!$J:$J,""Ingreso"")",L,1,118.8597,118.85973743300107,0.0,PASS_TOLERANCE,"[{""range"": ""Bases!$I:$I"", ""col"": ""I"", ""arg"": ""'F.D.KMT.01'!$C28"", ""value"": ""EOL"", ""type"": ""cell""}, {""range"": ""Bases!$M:$M"", ""col"": ""M"", ""arg"": ""YEAR('F.D.KMT.01'!J$6)"", ""value"": 2025, ""type"": ""year""}, {""range"": ""Bases!$N:$N"", ""col"": ""N"", ""arg"": ""MONTH('F.D.KMT.01'!J$6)"", ""value"": 6, ""type"": ""month""}, {""range"": ""Bases!$J:$J"", ""col"": ""J"", ""arg"": ""\""Ingreso\"""", ""value"": ""Ingreso"", ""type"": ""literal""}]"
F.D.KMT.01,K28,"=SUMIFS(Bases!$L:$L,Bases!$I:$I,'F.D.KMT.01'!$C28,Bases!$M:$M,YEAR('F.D.KMT.01'!K$6),Bases!$N:$N,MONTH('F.D.KMT.01'!K$6),Bases!$J:$J,""Ingreso"")",L,2,237.9375,237.93753554940633,0.0,PASS_TOLERANCE,"[{""range"": ""Bases!$I:$I"", ""col"": ""I"", ""arg"": ""'F.D.KMT.01'!$C28"", ""value"": ""EOL"", ""type"": ""cell""}, {""range"": ""Bases!$M:$M"", ""col"": ""M"", ""arg"": ""YEAR('F.D.KMT.01'!K$6)"", ""value"": 2025, ""type"": ""year""}, {""range"": ""Bases!$N:$N"", ""col"": ""N"", ""arg"": ""MONTH('F.D.KMT.01'!K$6)"", ""value"": 7, ""type"": ""month""}, {""range"": ""Bases!$J:$J"", ""col"": ""J"", ""arg"": ""\""Ingreso\"""", ""value"": ""Ingreso"", ""type"": ""literal""}]"
F.D.KMT.01,L28,"=SUMIFS(Bases!$L:$L,Bases!$I:$I,'F.D.KMT.01'!$C28,Bases!$M:$M,YEAR('F.D.KMT.01'!L$6),Bases!$N:$N,MONTH('F.D.KMT.01'!L$6),Bases!$J:$J,""Ingreso"")",L,0,0.0,0.0,0.0,PASS_TOLERANCE,"[{""range"": ""Bases!$I:$I"", ""col"": ""I"", ""arg"": ""'F.D.KMT.01'!$C28"", ""value"": ""EOL"", ""type"": ""cell""}, {""range"": ""Bases!$M:$M"", ""col"": ""M"", ""arg"": ""YEAR('F.D.KMT.01'!L$6)"", ""value"": 2025, ""type"": ""year""}, {""range"": ""Bases!$N:$N"", ""col"": ""N"", ""arg"": ""MONTH('F.D.KMT.01'!L$6)"", ""value"": 8, ""type"": ""month""}, {""range"": ""Bases!$J:$J"", ""col"": ""J"", ""arg"": ""\""Ingreso\"""", ""value"": ""Ingreso"", ""type"": ""literal""}]"
F.D.KMT.01,M28,"=SUMIFS(Bases!$L:$L,Bases!$I:$I,'F.D.KMT.01'!$C28,Bases!$M:$M,YEAR('F.D.KMT.01'!M$6),Bases!$N:$N,MONTH('F.D.KMT.01'!M$6),Bases!$J:$J,""Ingreso"")",L,2,1005.2605,1005.2604563677855,0.0,PASS_TOLERANCE,"[{""range"": ""Bases!$I:$I"", ""col"": ""I"", ""arg"": ""'F.D.KMT.01'!$C28"", ""value"": ""EOL"", ""type"": ""cell""}, {""range"": ""Bases!$M:$M"", ""col"": ""M"", ""arg"": ""YEAR('F.D.KMT.01'!M$6)"", ""value"": 2025, ""type"": ""year""}, {""range"": ""Bases!$N:$N"", ""col"": ""N"", ""arg"": ""MONTH('F.D.KMT.01'!M$6)"", ""value"": 9, ""type"": ""month""}, {""range"": ""Bases!$J:$J"", ""col"": ""J"", ""arg"": ""\""Ingreso\"""", ""value"": ""Ingreso"", ""type"": ""literal""}]"
F.D.KMT.01,N28,"=SUMIFS(Bases!$L:$L,Bases!$I:$I,'F.D.KMT.01'!$C28,Bases!$M:$M,YEAR('F.D.KMT.01'!N$6),Bases!$N:$N,MONTH('F.D.KMT.01'!N$6),Bases!$J:$J,""Ingreso"")",L,1,118.6786,118.67863086432631,0.0,PASS_TOLERANCE,"[{""range"": ""Bases!$I:$I"", ""col"": ""I"", ""arg"": ""'F.D.KMT.01'!$C28"", ""value"": ""EOL"", ""type"": ""cell""}, {""range"": ""Bases!$M:$M"", ""col"": ""M"", ""arg"": ""YEAR('F.D.KMT.01'!N$6)"", ""value"": 2025, ""type"": ""year""}, {""range"": ""Bases!$N:$N"", ""col"": ""N"", ""arg"": ""MONTH('F.D.KMT.01'!N$6)"", ""value"": 10, ""type"": ""month""}, {""range"": ""Bases!$J:$J"", ""col"": ""J"", ""arg"": ""\""Ingreso\"""", ""value"": ""Ingreso"", ""type"": ""literal""}]"
F.D.KMT.01,O28,"=SUMIFS(Bases!$L:$L,Bases!$I:$I,'F.D.KMT.01'!$C28,Bases!$M:$M,YEAR('F.D.KMT.01'!O$6),Bases!$N:$N,MONTH('F.D.KMT.01'!O$6),Bases!$J:$J,""Ingreso"")",L,1,148.5777,148.57771458134846,0.0,PASS_TOLERANCE,"[{""range"": ""Bases!$I:$I"", ""col"": ""I"", ""arg"": ""'F.D.KMT.01'!$C28"", ""value"": ""EOL"", ""type"": ""cell""}, {""range"": ""Bases!$M:$M"", ""col"": ""M"", ""arg"": ""YEAR('F.D.KMT.01'!O$6)"", ""value"": 2025, ""type"": ""year""}, {""range"": ""Bases!$N:$N"", ""col"": ""N"", ""arg"": ""MONTH('F.D.KMT.01'!O$6)"", ""value"": 11, ""type"": ""month""}, {""range"": ""Bases!$J:$J"", ""col"": ""J"", ""arg"": ""\""Ingreso\"""", ""value"": ""Ingreso"", ""type"": ""literal""}]"
F.D.KMT.01,P28,"=SUMIFS(Bases!$L:$L,Bases!$I:$I,'F.D.KMT.01'!$C28,Bases!$M:$M,YEAR('F.D.KMT.01'!P$6),Bases!$N:$N,MONTH('F.D.KMT.01'!P$6),Bases!$J:$J,""Ingreso"")",L,1,148.5346,148.53456164553668,0.0,PASS_TOLERANCE,"[{""range"": ""Bases!$I:$I"", ""col"": ""I"", ""arg"": ""'F.D.KMT.01'!$C28"", ""value"": ""EOL"", ""type"": ""cell""}, {""range"": ""Bases!$M:$M"", ""col"": ""M"", ""arg"": ""YEAR('F.D.KMT.01'!P$6)"", ""value"": 2025, ""type"": ""year""}, {""range"": ""Bases!$N:$N"", ""col"": ""N"", ""arg"": ""MONTH('F.D.KMT.01'!P$6)"", ""value"": 12, ""type"": ""month""}, {""range"": ""Bases!$J:$J"", ""col"": ""J"", ""arg"": ""\""Ingreso\"""", ""value"": ""Ingreso"", ""type"": ""literal""}]"
F.D.KMT.01,R28,"=SUMIFS(Bases!$L:$L,Bases!$I:$I,'F.D.KMT.01'!$C28,Bases!$M:$M,YEAR('F.D.KMT.01'!R$6),Bases!$N:$N,MONTH('F.D.KMT.01'!R$6),Bases!$J:$J,""Ingreso"")",L,1,148.6687,148.66871884251645,0.0,PASS_TOLERANCE,"[{""range"": ""Bases!$I:$I"", ""col"": ""I"", ""arg"": ""'F.D.KMT.01'!$C28"", ""value"": ""EOL"", ""type"": ""cell""}, {""range"": ""Bases!$M:$M"", ""col"": ""M"", ""arg"": ""YEAR('F.D.KMT.01'!R$6)"", ""value"": 2026, ""type"": ""year""}, {""range"": ""Bases!$N:$N"", ""col"": ""N"", ""arg"": ""MONTH('F.D.KMT.01'!R$6)"", ""value"": 1, ""type"": ""month""}, {""range"": ""Bases!$J:$J"", ""col"": ""J"", ""arg"": ""\""Ingreso\"""", ""value"": ""Ingreso"", ""type"": ""literal""}]"
F.D.KMT.01,S28,"=SUMIFS(Bases!$L:$L,Bases!$I:$I,'F.D.KMT.01'!$C28,Bases!$M:$M,YEAR('F.D.KMT.01'!S$6),Bases!$N:$N,MONTH('F.D.KMT.01'!S$6),Bases!$J:$J,""Ingreso"")",L,1,142.6998,142.69981783835178,0.0,PASS_TOLERANCE,"[{""range"": ""Bases!$I:$I"", ""col"": ""I"", ""arg"": ""'F.D.KMT.01'!$C28"", ""value"": ""EOL"", ""type"": ""cell""}, {""range"": ""Bases!$M:$M"", ""col"": ""M"", ""arg"": ""YEAR('F.D.KMT.01'!S$6)"", ""value"": 2026, ""type"": ""year""}, {""range"": ""Bases!$N:$N"", ""col"": ""N"", ""arg"": ""MONTH('F.D.KMT.01'!S$6)"", ""value"": 2, ""type"": ""month""}, {""range"": ""Bases!$J:$J"", ""col"": ""J"", ""arg"": ""\""Ingreso\"""", ""value"": ""Ingreso"", ""type"": ""literal""}]"
F.D.KMT.01,T28,"=SUMIFS(Bases!$L:$L,Bases!$I:$I,'F.D.KMT.01'!$C28,Bases!$M:$M,YEAR('F.D.KMT.01'!T$6),Bases!$N:$N,MONTH('F.D.KMT.01'!T$6),Bases!$J:$J,""Ingreso"")",L,1,142.5983,142.59834662646094,0.0,PASS_TOLERANCE,"[{""range"": ""Bases!$I:$I"", ""col"": ""I"", ""arg"": ""'F.D.KMT.01'!$C28"", ""value"": ""EOL"", ""type"": ""cell""}, {""range"": ""Bases!$M:$M"", ""col"": ""M"", ""arg"": ""YEAR('F.D.KMT.01'!T$6)"", ""value"": 2026, ""type"": ""year""}, {""range"": ""Bases!$N:$N"", ""col"": ""N"", ""arg"": ""MONTH('F.D.KMT.01'!T$6)"", ""value"": 3, ""type"": ""month""}, {""range"": ""Bases!$J:$J"", ""col"": ""J"", ""arg"": ""\""Ingreso\"""", ""value"": ""Ingreso"", ""type"": ""literal""}]"
F.D.KMT.01,U28,"=SUMIFS(Bases!$L:$L,Bases!$I:$I,'F.D.KMT.01'!$C28,Bases!$M:$M,YEAR('F.D.KMT.01'!U$6),Bases!$N:$N,MONTH('F.D.KMT.01'!U$6),Bases!$J:$J,""Ingreso"")",L,1,142.2281,142.22808450794895,0.0,PASS_TOLERANCE,"[{""range"": ""Bases!$I:$I"", ""col"": ""I"", ""arg"": ""'F.D.KMT.01'!$C28"", ""value"": ""EOL"", ""type"": ""cell""}, {""range"": ""Bases!$M:$M"", ""col"": ""M"", ""arg"": ""YEAR('F.D.KMT.01'!U$6)"", ""value"": 2026, ""type"": ""year""}, {""range"": ""Bases!$N:$N"", ""col"": ""N"", ""arg"": ""MONTH('F.D.KMT.01'!U$6)"", ""value"": 4, ""type"": ""month""}, {""range"": ""Bases!$J:$J"", ""col"": ""J"", ""arg"": ""\""Ingreso\"""", ""value"": ""Ingreso"", ""type"": ""literal""}]"
F.D.KMT.01,V28,"=SUMIFS(Bases!$L:$L,Bases!$I:$I,'F.D.KMT.01'!$C28,Bases!$M:$M,YEAR('F.D.KMT.01'!V$6),Bases!$N:$N,MONTH('F.D.KMT.01'!V$6),Bases!$J:$J,""Ingreso"")",L,1,143.2105,143.2105039493668,0.0,PASS_TOLERANCE,"[{""range"": ""Bases!$I:$I"", ""col"": ""I"", ""arg"": ""'F.D.KMT.01'!$C28"", ""value"": ""EOL"", ""type"": ""cell""}, {""range"": ""Bases!$M:$M"", ""col"": ""M"", ""arg"": ""YEAR('F.D.KMT.01'!V$6)"", ""value"": 2026, ""type"": ""year""}, {""range"": ""Bases!$N:$N"", ""col"": ""N"", ""arg"": ""MONTH('F.D.KMT.01'!V$6)"", ""value"": 5, ""type"": ""month""}, {""range"": ""Bases!$J:$J"", ""col"": ""J"", ""arg"": ""\""Ingreso\"""", ""value"": ""Ingreso"", ""type"": ""literal""}]"
F.D.KMT.01,E32,"=SUMIFS(Bases!$L:$L,Bases!$I:$I,'F.D.KMT.01'!$C32,Bases!$M:$M,YEAR('F.D.KMT.01'!E$6),Bases!$N:$N,MONTH('F.D.KMT.01'!E$6),Bases!$J:$J,""Ingreso"")",L,0,0.0,0.0,0.0,PASS_TOLERANCE,"[{""range"": ""Bases!$I:$I"", ""col"": ""I"", ""arg"": ""'F.D.KMT.01'!$C32"", ""value"": ""LUX"", ""type"": ""cell""}, {""range"": ""Bases!$M:$M"", ""col"": ""M"", ""arg"": ""YEAR('F.D.KMT.01'!E$6)"", ""value"": 2025, ""type"": ""year""}, {""range"": ""Bases!$N:$N"", ""col"": ""N"", ""arg"": ""MONTH('F.D.KMT.01'!E$6)"", ""value"": 1, ""type"": ""month""}, {""range"": ""Bases!$J:$J"", ""col"": ""J"", ""arg"": ""\""Ingreso\"""", ""value"": ""Ingreso"", ""type"": ""literal""}]"
F.D.KMT.01,F32,"=SUMIFS(Bases!$L:$L,Bases!$I:$I,'F.D.KMT.01'!$C32,Bases!$M:$M,YEAR('F.D.KMT.01'!F$6),Bases!$N:$N,MONTH('F.D.KMT.01'!F$6),Bases!$J:$J,""Ingreso"")",L,0,0.0,0.0,0.0,PASS_TOLERANCE,"[{""range"": ""Bases!$I:$I"", ""col"": ""I"", ""arg"": ""'F.D.KMT.01'!$C32"", ""value"": ""LUX"", ""type"": ""cell""}, {""range"": ""Bases!$M:$M"", ""col"": ""M"", ""arg"": ""YEAR('F.D.KMT.01'!F$6)"", ""value"": 2025, ""type"": ""year""}, {""range"": ""Bases!$N:$N"", ""col"": ""N"", ""arg"": ""MONTH('F.D.KMT.01'!F$6)"", ""value"": 2, ""type"": ""month""}, {""range"": ""Bases!$J:$J"", ""col"": ""J"", ""arg"": ""\""Ingreso\"""", ""value"": ""Ingreso"", ""type"": ""literal""}]"
F.D.KMT.01,G32,"=SUMIFS(Bases!$L:$L,Bases!$I:$I,'F.D.KMT.01'!$C32,Bases!$M:$M,YEAR('F.D.KMT.01'!G$6),Bases!$N:$N,MONTH('F.D.KMT.01'!G$6),Bases!$J:$J,""Ingreso"")",L,0,0.0,0.0,0.0,PASS_TOLERANCE,"[{""range"": ""Bases!$I:$I"", ""col"": ""I"", ""arg"": ""'F.D.KMT.01'!$C32"", ""value"": ""LUX"", ""type"": ""cell""}, {""range"": ""Bases!$M:$M"", ""col"": ""M"", ""arg"": ""YEAR('F.D.KMT.01'!G$6)"", ""value"": 2025, ""type"": ""year""}, {""range"": ""Bases!$N:$N"", ""col"": ""N"", ""arg"": ""MONTH('F.D.KMT.01'!G$6)"", ""value"": 3, ""type"": ""month""}, {""range"": ""Bases!$J:$J"", ""col"": ""J"", ""arg"": ""\""Ingreso\"""", ""value"": ""Ingreso"", ""type"": ""literal""}]"
F.D.KMT.01,H32,"=SUMIFS(Bases!$L:$L,Bases!$I:$I,'F.D.KMT.01'!$C32,Bases!$M:$M,YEAR('F.D.KMT.01'!H$6),Bases!$N:$N,MONTH('F.D.KMT.01'!H$6),Bases!$J:$J,""Ingreso"")",L,0,0.0,0.0,0.0,PASS_TOLERANCE,"[{""range"": ""Bases!$I:$I"", ""col"": ""I"", ""arg"": ""'F.D.KMT.01'!$C32"", ""value"": ""LUX"", ""type"": ""cell""}, {""range"": ""Bases!$M:$M"", ""col"": ""M"", ""arg"": ""YEAR('F.D.KMT.01'!H$6)"", ""value"": 2025, ""type"": ""year""}, {""range"": ""Bases!$N:$N"", ""col"": ""N"", ""arg"": ""MONTH('F.D.KMT.01'!H$6)"", ""value"": 4, ""type"": ""month""}, {""range"": ""Bases!$J:$J"", ""col"": ""J"", ""arg"": ""\""Ingreso\"""", ""value"": ""Ingreso"", ""type"": ""literal""}]"
F.D.KMT.01,I32,"=SUMIFS(Bases!$L:$L,Bases!$I:$I,'F.D.KMT.01'!$C32,Bases!$M:$M,YEAR('F.D.KMT.01'!I$6),Bases!$N:$N,MONTH('F.D.KMT.01'!I$6),Bases!$J:$J,""Ingreso"")",L,0,0.0,0.0,0.0,PASS_TOLERANCE,"[{""range"": ""Bases!$I:$I"", ""col"": ""I"", ""arg"": ""'F.D.KMT.01'!$C32"", ""value"": ""LUX"", ""type"": ""cell""}, {""range"": ""Bases!$M:$M"", ""col"": ""M"", ""arg"": ""YEAR('F.D.KMT.01'!I$6)"", ""value"": 2025, ""type"": ""year""}, {""range"": ""Bases!$N:$N"", ""col"": ""N"", ""arg"": ""MONTH('F.D.KMT.01'!I$6)"", ""value"": 5, ""type"": ""month""}, {""range"": ""Bases!$J:$J"", ""col"": ""J"", ""arg"": ""\""Ingreso\"""", ""value"": ""Ingreso"", ""type"": ""literal""}]"
F.D.KMT.01,J32,"=SUMIFS(Bases!$L:$L,Bases!$I:$I,'F.D.KMT.01'!$C32,Bases!$M:$M,YEAR('F.D.KMT.01'!J$6),Bases!$N:$N,MONTH('F.D.KMT.01'!J$6),Bases!$J:$J,""Ingreso"")",L,0,0.0,0.0,0.0,PASS_TOLERANCE,"[{""range"": ""Bases!$I:$I"", ""col"": ""I"", ""arg"": ""'F.D.KMT.01'!$C32"", ""value"": ""LUX"", ""type"": ""cell""}, {""range"": ""Bases!$M:$M"", ""col"": ""M"", ""arg"": ""YEAR('F.D.KMT.01'!J$6)"", ""value"": 2025, ""type"": ""year""}, {""range"": ""Bases!$N:$N"", ""col"": ""N"", ""arg"": ""MONTH('F.D.KMT.01'!J$6)"", ""value"": 6, ""type"": ""month""}, {""range"": ""Bases!$J:$J"", ""col"": ""J"", ""arg"": ""\""Ingreso\"""", ""value"": ""Ingreso"", ""type"": ""literal""}]"
F.D.KMT.01,K32,"=SUMIFS(Bases!$L:$L,Bases!$I:$I,'F.D.KMT.01'!$C32,Bases!$M:$M,YEAR('F.D.KMT.01'!K$6),Bases!$N:$N,MONTH('F.D.KMT.01'!K$6),Bases!$J:$J,""Ingreso"")",L,0,0.0,0.0,0.0,PASS_TOLERANCE,"[{""range"": ""Bases!$I:$I"", ""col"": ""I"", ""arg"": ""'F.D.KMT.01'!$C32"", ""value"": ""LUX"", ""type"": ""cell""}, {""range"": ""Bases!$M:$M"", ""col"": ""M"", ""arg"": ""YEAR('F.D.KMT.01'!K$6)"", ""value"": 2025, ""type"": ""year""}, {""range"": ""Bases!$N:$N"", ""col"": ""N"", ""arg"": ""MONTH('F.D.KMT.01'!K$6)"", ""value"": 7, ""type"": ""month""}, {""range"": ""Bases!$J:$J"", ""col"": ""J"", ""arg"": ""\""Ingreso\"""", ""value"": ""Ingreso"", ""type"": ""literal""}]"
F.D.KMT.01,L32,"=SUMIFS(Bases!$L:$L,Bases!$I:$I,'F.D.KMT.01'!$C32,Bases!$M:$M,YEAR('F.D.KMT.01'!L$6),Bases!$N:$N,MONTH('F.D.KMT.01'!L$6),Bases!$J:$J,""Ingreso"")",L,1,185.0775,185.07753493874034,0.0,PASS_TOLERANCE,"[{""range"": ""Bases!$I:$I"", ""col"": ""I"", ""arg"": ""'F.D.KMT.01'!$C32"", ""value"": ""LUX"", ""type"": ""cell""}, {""range"": ""Bases!$M:$M"", ""col"": ""M"", ""arg"": ""YEAR('F.D.KMT.01'!L$6)"", ""value"": 2025, ""type"": ""year""}, {""range"": ""Bases!$N:$N"", ""col"": ""N"", ""arg"": ""MONTH('F.D.KMT.01'!L$6)"", ""value"": 8, ""type"": ""month""}, {""range"": ""Bases!$J:$J"", ""col"": ""J"", ""arg"": ""\""Ingreso\"""", ""value"": ""Ingreso"", ""type"": ""literal""}]"
F.D.KMT.01,M32,"=SUMIFS(Bases!$L:$L,Bases!$I:$I,'F.D.KMT.01'!$C32,Bases!$M:$M,YEAR('F.D.KMT.01'!M$6),Bases!$N:$N,MONTH('F.D.KMT.01'!M$6),Bases!$J:$J,""Ingreso"")",L,1,168.0838,168.083772205852,0.0,PASS_TOLERANCE,"[{""range"": ""Bases!$I:$I"", ""col"": ""I"", ""arg"": ""'F.D.KMT.01'!$C32"", ""value"": ""LUX"", ""type"": ""cell""}, {""range"": ""Bases!$M:$M"", ""col"": ""M"", ""arg"": ""YEAR('F.D.KMT.01'!M$6)"", ""value"": 2025, ""type"": ""year""}, {""range"": ""Bases!$N:$N"", ""col"": ""N"", ""arg"": ""MONTH('F.D.KMT.01'!M$6)"", ""value"": 9, ""type"": ""month""}, {""range"": ""Bases!$J:$J"", ""col"": ""J"", ""arg"": ""\""Ingreso\"""", ""value"": ""Ingreso"", ""type"": ""literal""}]"
F.D.KMT.01,N32,"=SUMIFS(Bases!$L:$L,Bases!$I:$I,'F.D.KMT.01'!$C32,Bases!$M:$M,YEAR('F.D.KMT.01'!N$6),Bases!$N:$N,MONTH('F.D.KMT.01'!N$6),Bases!$J:$J,""Ingreso"")",L,1,185.0421,185.04208185561353,0.0,PASS_TOLERANCE,"[{""range"": ""Bases!$I:$I"", ""col"": ""I"", ""arg"": ""'F.D.KMT.01'!$C32"", ""value"": ""LUX"", ""type"": ""cell""}, {""range"": ""Bases!$M:$M"", ""col"": ""M"", ""arg"": ""YEAR('F.D.KMT.01'!N$6)"", ""value"": 2025, ""type"": ""year""}, {""range"": ""Bases!$N:$N"", ""col"": ""N"", ""arg"": ""MONTH('F.D.KMT.01'!N$6)"", ""value"": 10, ""type"": ""month""}, {""range"": ""Bases!$J:$J"", ""col"": ""J"", ""arg"": ""\""Ingreso\"""", ""value"": ""Ingreso"", ""type"": ""literal""}]"
F.D.KMT.01,O32,"=SUMIFS(Bases!$L:$L,Bases!$I:$I,'F.D.KMT.01'!$C32,Bases!$M:$M,YEAR('F.D.KMT.01'!O$6),Bases!$N:$N,MONTH('F.D.KMT.01'!O$6),Bases!$J:$J,""Ingreso"")",L,0,0.0,0.0,0.0,PASS_TOLERANCE,"[{""range"": ""Bases!$I:$I"", ""col"": ""I"", ""arg"": ""'F.D.KMT.01'!$C32"", ""value"": ""LUX"", ""type"": ""cell""}, {""range"": ""Bases!$M:$M"", ""col"": ""M"", ""arg"": ""YEAR('F.D.KMT.01'!O$6)"", ""value"": 2025, ""type"": ""year""}, {""range"": ""Bases!$N:$N"", ""col"": ""N"", ""arg"": ""MONTH('F.D.KMT.01'!O$6)"", ""value"": 11, ""type"": ""month""}, {""range"": ""Bases!$J:$J"", ""col"": ""J"", ""arg"": ""\""Ingreso\"""", ""value"": ""Ingreso"", ""type"": ""literal""}]"
F.D.KMT.01,P32,"=SUMIFS(Bases!$L:$L,Bases!$I:$I,'F.D.KMT.01'!$C32,Bases!$M:$M,YEAR('F.D.KMT.01'!P$6),Bases!$N:$N,MONTH('F.D.KMT.01'!P$6),Bases!$J:$J,""Ingreso"")",L,1,647.8623,647.862331500358,0.0,PASS_TOLERANCE,"[{""range"": ""Bases!$I:$I"", ""col"": ""I"", ""arg"": ""'F.D.KMT.01'!$C32"", ""value"": ""LUX"", ""type"": ""cell""}, {""range"": ""Bases!$M:$M"", ""col"": ""M"", ""arg"": ""YEAR('F.D.KMT.01'!P$6)"", ""value"": 2025, ""type"": ""year""}, {""range"": ""Bases!$N:$N"", ""col"": ""N"", ""arg"": ""MONTH('F.D.KMT.01'!P$6)"", ""value"": 12, ""type"": ""month""}, {""range"": ""Bases!$J:$J"", ""col"": ""J"", ""arg"": ""\""Ingreso\"""", ""value"": ""Ingreso"", ""type"": ""literal""}]"
F.D.KMT.01,R32,"=SUMIFS(Bases!$L:$L,Bases!$I:$I,'F.D.KMT.01'!$C32,Bases!$M:$M,YEAR('F.D.KMT.01'!R$6),Bases!$N:$N,MONTH('F.D.KMT.01'!R$6),Bases!$J:$J,""Ingreso"")",L,0,0.0,0.0,0.0,PASS_TOLERANCE,"[{""range"": ""Bases!$I:$I"", ""col"": ""I"", ""arg"": ""'F.D.KMT.01'!$C32"", ""value"": ""LUX"", ""type"": ""cell""}, {""range"": ""Bases!$M:$M"", ""col"": ""M"", ""arg"": ""YEAR('F.D.KMT.01'!R$6)"", ""value"": 2026, ""type"": ""year""}, {""range"": ""Bases!$N:$N"", ""col"": ""N"", ""arg"": ""MONTH('F.D.KMT.01'!R$6)"", ""value"": 1, ""type"": ""month""}, {""range"": ""Bases!$J:$J"", ""col"": ""J"", ""arg"": ""\""Ingreso\"""", ""value"": ""Ingreso"", ""type"": ""literal""}]"
F.D.KMT.01,S32,"=SUMIFS(Bases!$L:$L,Bases!$I:$I,'F.D.KMT.01'!$C32,Bases!$M:$M,YEAR('F.D.KMT.01'!S$6),Bases!$N:$N,MONTH('F.D.KMT.01'!S$6),Bases!$J:$J,""Ingreso"")",L,0,0.0,0.0,0.0,PASS_TOLERANCE,"[{""range"": ""Bases!$I:$I"", ""col"": ""I"", ""arg"": ""'F.D.KMT.01'!$C32"", ""value"": ""LUX"", ""type"": ""cell""}, {""range"": ""Bases!$M:$M"", ""col"": ""M"", ""arg"": ""YEAR('F.D.KMT.01'!S$6)"", ""value"": 2026, ""type"": ""year""}, {""range"": ""Bases!$N:$N"", ""col"": ""N"", ""arg"": ""MONTH('F.D.KMT.01'!S$6)"", ""value"": 2, ""type"": ""month""}, {""range"": ""Bases!$J:$J"", ""col"": ""J"", ""arg"": ""\""Ingreso\"""", ""value"": ""Ingreso"", ""type"": ""literal""}]"
F.D.KMT.01,T32,"=SUMIFS(Bases!$L:$L,Bases!$I:$I,'F.D.KMT.01'!$C32,Bases!$M:$M,YEAR('F.D.KMT.01'!T$6),Bases!$N:$N,MONTH('F.D.KMT.01'!T$6),Bases!$J:$J,""Ingreso"")",L,0,0.0,0.0,0.0,PASS_TOLERANCE,"[{""range"": ""Bases!$I:$I"", ""col"": ""I"", ""arg"": ""'F.D.KMT.01'!$C32"", ""value"": ""LUX"", ""type"": ""cell""}, {""range"": ""Bases!$M:$M"", ""col"": ""M"", ""arg"": ""YEAR('F.D.KMT.01'!T$6)"", ""value"": 2026, ""type"": ""year""}, {""range"": ""Bases!$N:$N"", ""col"": ""N"", ""arg"": ""MONTH('F.D.KMT.01'!T$6)"", ""value"": 3, ""type"": ""month""}, {""range"": ""Bases!$J:$J"", ""col"": ""J"", ""arg"": ""\""Ingreso\"""", ""value"": ""Ingreso"", ""type"": ""literal""}]"
F.D.KMT.01,U32,"=SUMIFS(Bases!$L:$L,Bases!$I:$I,'F.D.KMT.01'!$C32,Bases!$M:$M,YEAR('F.D.KMT.01'!U$6),Bases!$N:$N,MONTH('F.D.KMT.01'!U$6),Bases!$J:$J,""Ingreso"")",L,0,0.0,0.0,0.0,PASS_TOLERANCE,"[{""range"": ""Bases!$I:$I"", ""col"": ""I"", ""arg"": ""'F.D.KMT.01'!$C32"", ""value"": ""LUX"", ""type"": ""cell""}, {""range"": ""Bases!$M:$M"", ""col"": ""M"", ""arg"": ""YEAR('F.D.KMT.01'!U$6)"", ""value"": 2026, ""type"": ""year""}, {""range"": ""Bases!$N:$N"", ""col"": ""N"", ""arg"": ""MONTH('F.D.KMT.01'!U$6)"", ""value"": 4, ""type"": ""month""}, {""range"": ""Bases!$J:$J"", ""col"": ""J"", ""arg"": ""\""Ingreso\"""", ""value"": ""Ingreso"", ""type"": ""literal""}]"
F.D.KMT.01,V32,"=SUMIFS(Bases!$L:$L,Bases!$I:$I,'F.D.KMT.01'!$C32,Bases!$M:$M,YEAR('F.D.KMT.01'!V$6),Bases!$N:$N,MONTH('F.D.KMT.01'!V$6),Bases!$J:$J,""Ingreso"")",L,0,0.0,0.0,0.0,PASS_TOLERANCE,"[{""range"": ""Bases!$I:$I"", ""col"": ""I"", ""arg"": ""'F.D.KMT.01'!$C32"", ""value"": ""LUX"", ""type"": ""cell""}, {""range"": ""Bases!$M:$M"", ""col"": ""M"", ""arg"": ""YEAR('F.D.KMT.01'!V$6)"", ""value"": 2026, ""type"": ""year""}, {""range"": ""Bases!$N:$N"", ""col"": ""N"", ""arg"": ""MONTH('F.D.KMT.01'!V$6)"", ""value"": 5, ""type"": ""month""}, {""range"": ""Bases!$J:$J"", ""col"": ""J"", ""arg"": ""\""Ingreso\"""", ""value"": ""Ingreso"", ""type"": ""literal""}]"
F.D.KMT.01,E33,"=SUMIFS(Bases!$L:$L,Bases!$I:$I,'F.D.KMT.01'!$C33,Bases!$M:$M,YEAR('F.D.KMT.01'!E$6),Bases!$N:$N,MONTH('F.D.KMT.01'!E$6),Bases!$J:$J,""Ingreso"")",L,1,359.0541,359.0540534555565,0.0,PASS_TOLERANCE,"[{""range"": ""Bases!$I:$I"", ""col"": ""I"", ""arg"": ""'F.D.KMT.01'!$C33"", ""value"": ""Movem"", ""type"": ""cell""}, {""range"": ""Bases!$M:$M"", ""col"": ""M"", ""arg"": ""YEAR('F.D.KMT.01'!E$6)"", ""value"": 2025, ""type"": ""year""}, {""range"": ""Bases!$N:$N"", ""col"": ""N"", ""arg"": ""MONTH('F.D.KMT.01'!E$6)"", ""value"": 1, ""type"": ""month""}, {""range"": ""Bases!$J:$J"", ""col"": ""J"", ""arg"": ""\""Ingreso\"""", ""value"": ""Ingreso"", ""type"": ""literal""}]"
F.D.KMT.01,F33,"=SUMIFS(Bases!$L:$L,Bases!$I:$I,'F.D.KMT.01'!$C33,Bases!$M:$M,YEAR('F.D.KMT.01'!F$6),Bases!$N:$N,MONTH('F.D.KMT.01'!F$6),Bases!$J:$J,""Ingreso"")",L,1,359.1434,359.1433701347601,0.0,PASS_TOLERANCE,"[{""range"": ""Bases!$I:$I"", ""col"": ""I"", ""arg"": ""'F.D.KMT.01'!$C33"", ""value"": ""Movem"", ""type"": ""cell""}, {""range"": ""Bases!$M:$M"", ""col"": ""M"", ""arg"": ""YEAR('F.D.KMT.01'!F$6)"", ""value"": 2025, ""type"": ""year""}, {""range"": ""Bases!$N:$N"", ""col"": ""N"", ""arg"": ""MONTH('F.D.KMT.01'!F$6)"", ""value"": 2, ""type"": ""month""}, {""range"": ""Bases!$J:$J"", ""col"": ""J"", ""arg"": ""\""Ingreso\"""", ""value"": ""Ingreso"", ""type"": ""literal""}]"
F.D.KMT.01,G33,"=SUMIFS(Bases!$L:$L,Bases!$I:$I,'F.D.KMT.01'!$C33,Bases!$M:$M,YEAR('F.D.KMT.01'!G$6),Bases!$N:$N,MONTH('F.D.KMT.01'!G$6),Bases!$J:$J,""Ingreso"")",L,1,359.591,359.59096652576727,0.0,PASS_TOLERANCE,"[{""range"": ""Bases!$I:$I"", ""col"": ""I"", ""arg"": ""'F.D.KMT.01'!$C33"", ""value"": ""Movem"", ""type"": ""cell""}, {""range"": ""Bases!$M:$M"", ""col"": ""M"", ""arg"": ""YEAR('F.D.KMT.01'!G$6)"", ""value"": 2025, ""type"": ""year""}, {""range"": ""Bases!$N:$N"", ""col"": ""N"", ""arg"": ""MONTH('F.D.KMT.01'!G$6)"", ""value"": 3, ""type"": ""month""}, {""range"": ""Bases!$J:$J"", ""col"": ""J"", ""arg"": ""\""Ingreso\"""", ""value"": ""Ingreso"", ""type"": ""literal""}]"
F.D.KMT.01,H33,"=SUMIFS(Bases!$L:$L,Bases!$I:$I,'F.D.KMT.01'!$C33,Bases!$M:$M,YEAR('F.D.KMT.01'!H$6),Bases!$N:$N,MONTH('F.D.KMT.01'!H$6),Bases!$J:$J,""Ingreso"")",L,1,359.7332,359.7331808252486,0.0,PASS_TOLERANCE,"[{""range"": ""Bases!$I:$I"", ""col"": ""I"", ""arg"": ""'F.D.KMT.01'!$C33"", ""value"": ""Movem"", ""type"": ""cell""}, {""range"": ""Bases!$M:$M"", ""col"": ""M"", ""arg"": ""YEAR('F.D.KMT.01'!H$6)"", ""value"": 2025, ""type"": ""year""}, {""range"": ""Bases!$N:$N"", ""col"": ""N"", ""arg"": ""MONTH('F.D.KMT.01'!H$6)"", ""value"": 4, ""type"": ""month""}, {""range"": ""Bases!$J:$J"", ""col"": ""J"", ""arg"": ""\""Ingreso\"""", ""value"": ""Ingreso"", ""type"": ""literal""}]"
F.D.KMT.01,I33,"=SUMIFS(Bases!$L:$L,Bases!$I:$I,'F.D.KMT.01'!$C33,Bases!$M:$M,YEAR('F.D.KMT.01'!I$6),Bases!$N:$N,MONTH('F.D.KMT.01'!I$6),Bases!$J:$J,""Ingreso"")",L,1,357.046,357.0460183134104,0.0,PASS_TOLERANCE,"[{""range"": ""Bases!$I:$I"", ""col"": ""I"", ""arg"": ""'F.D.KMT.01'!$C33"", ""value"": ""Movem"", ""type"": ""cell""}, {""range"": ""Bases!$M:$M"", ""col"": ""M"", ""arg"": ""YEAR('F.D.KMT.01'!I$6)"", ""value"": 2025, ""type"": ""year""}, {""range"": ""Bases!$N:$N"", ""col"": ""N"", ""arg"": ""MONTH('F.D.KMT.01'!I$6)"", ""value"": 5, ""type"": ""month""}, {""range"": ""Bases!$J:$J"", ""col"": ""J"", ""arg"": ""\""Ingreso\"""", ""value"": ""Ingreso"", ""type"": ""literal""}]"
F.D.KMT.01,J33,"=SUMIFS(Bases!$L:$L,Bases!$I:$I,'F.D.KMT.01'!$C33,Bases!$M:$M,YEAR('F.D.KMT.01'!J$6),Bases!$N:$N,MONTH('F.D.KMT.01'!J$6),Bases!$J:$J,""Ingreso"")",L,1,359.0377,359.0377127705225,0.0,PASS_TOLERANCE,"[{""range"": ""Bases!$I:$I"", ""col"": ""I"", ""arg"": ""'F.D.KMT.01'!$C33"", ""value"": ""Movem"", ""type"": ""cell""}, {""range"": ""Bases!$M:$M"", ""col"": ""M"", ""arg"": ""YEAR('F.D.KMT.01'!J$6)"", ""value"": 2025, ""type"": ""year""}, {""range"": ""Bases!$N:$N"", ""col"": ""N"", ""arg"": ""MONTH('F.D.KMT.01'!J$6)"", ""value"": 6, ""type"": ""month""}, {""range"": ""Bases!$J:$J"", ""col"": ""J"", ""arg"": ""\""Ingreso\"""", ""value"": ""Ingreso"", ""type"": ""literal""}]"
F.D.KMT.01,K33,"=SUMIFS(Bases!$L:$L,Bases!$I:$I,'F.D.KMT.01'!$C33,Bases!$M:$M,YEAR('F.D.KMT.01'!K$6),Bases!$N:$N,MONTH('F.D.KMT.01'!K$6),Bases!$J:$J,""Ingreso"")",L,1,357.5808,357.58083134104,0.0,PASS_TOLERANCE,"[{""range"": ""Bases!$I:$I"", ""col"": ""I"", ""arg"": ""'F.D.KMT.01'!$C33"", ""value"": ""Movem"", ""type"": ""cell""}, {""range"": ""Bases!$M:$M"", ""col"": ""M"", ""arg"": ""YEAR('F.D.KMT.01'!K$6)"", ""value"": 2025, ""type"": ""year""}, {""range"": ""Bases!$N:$N"", ""col"": ""N"", ""arg"": ""MONTH('F.D.KMT.01'!K$6)"", ""value"": 7, ""type"": ""month""}, {""range"": ""Bases!$J:$J"", ""col"": ""J"", ""arg"": ""\""Ingreso\"""", ""value"": ""Ingreso"", ""type"": ""literal""}]"
F.D.KMT.01,L33,"=SUMIFS(Bases!$L:$L,Bases!$I:$I,'F.D.KMT.01'!$C33,Bases!$M:$M,YEAR('F.D.KMT.01'!L$6),Bases!$N:$N,MONTH('F.D.KMT.01'!L$6),Bases!$J:$J,""Ingreso"")",L,3,450.1053,450.10528878149165,0.0,PASS_TOLERANCE,"[{""range"": ""Bases!$I:$I"", ""col"": ""I"", ""arg"": ""'F.D.KMT.01'!$C33"", ""value"": ""Movem"", ""type"": ""cell""}, {""range"": ""Bases!$M:$M"", ""col"": ""M"", ""arg"": ""YEAR('F.D.KMT.01'!L$6)"", ""value"": 2025, ""type"": ""year""}, {""range"": ""Bases!$N:$N"", ""col"": ""N"", ""arg"": ""MONTH('F.D.KMT.01'!L$6)"", ""value"": 8, ""type"": ""month""}, {""range"": ""Bases!$J:$J"", ""col"": ""J"", ""arg"": ""\""Ingreso\"""", ""value"": ""Ingreso"", ""type"": ""literal""}]"
F.D.KMT.01,M33,"=SUMIFS(Bases!$L:$L,Bases!$I:$I,'F.D.KMT.01'!$C33,Bases!$M:$M,YEAR('F.D.KMT.01'!M$6),Bases!$N:$N,MONTH('F.D.KMT.01'!M$6),Bases!$J:$J,""Ingreso"")",L,1,357.0,356.9999987337172,0.0,PASS_TOLERANCE,"[{""range"": ""Bases!$I:$I"", ""col"": ""I"", ""arg"": ""'F.D.KMT.01'!$C33"", ""value"": ""Movem"", ""type"": ""cell""}, {""range"": ""Bases!$M:$M"", ""col"": ""M"", ""arg"": ""YEAR('F.D.KMT.01'!M$6)"", ""value"": 2025, ""type"": ""year""}, {""range"": ""Bases!$N:$N"", ""col"": ""N"", ""arg"": ""MONTH('F.D.KMT.01'!M$6)"", ""value"": 9, ""type"": ""month""}, {""range"": ""Bases!$J:$J"", ""col"": ""J"", ""arg"": ""\""Ingreso\"""", ""value"": ""Ingreso"", ""type"": ""literal""}]"
F.D.KMT.01,N33,"=SUMIFS(Bases!$L:$L,Bases!$I:$I,'F.D.KMT.01'!$C33,Bases!$M:$M,YEAR('F.D.KMT.01'!N$6),Bases!$N:$N,MONTH('F.D.KMT.01'!N$6),Bases!$J:$J,""Ingreso"")",L,2,388.0779,388.0778979478509,0.0,PASS_TOLERANCE,"[{""range"": ""Bases!$I:$I"", ""col"": ""I"", ""arg"": ""'F.D.KMT.01'!$C33"", ""value"": ""Movem"", ""type"": ""cell""}, {""range"": ""Bases!$M:$M"", ""col"": ""M"", ""arg"": ""YEAR('F.D.KMT.01'!N$6)"", ""value"": 2025, ""type"": ""year""}, {""range"": ""Bases!$N:$N"", ""col"": ""N"", ""arg"": ""MONTH('F.D.KMT.01'!N$6)"", ""value"": 10, ""type"": ""month""}, {""range"": ""Bases!$J:$J"", ""col"": ""J"", ""arg"": ""\""Ingreso\"""", ""value"": ""Ingreso"", ""type"": ""literal""}]"
F.D.KMT.01,O33,"=SUMIFS(Bases!$L:$L,Bases!$I:$I,'F.D.KMT.01'!$C33,Bases!$M:$M,YEAR('F.D.KMT.01'!O$6),Bases!$N:$N,MONTH('F.D.KMT.01'!O$6),Bases!$J:$J,""Ingreso"")",L,1,30.924,30.924037712074888,0.0,PASS_TOLERANCE,"[{""range"": ""Bases!$I:$I"", ""col"": ""I"", ""arg"": ""'F.D.KMT.01'!$C33"", ""value"": ""Movem"", ""type"": ""cell""}, {""range"": ""Bases!$M:$M"", ""col"": ""M"", ""arg"": ""YEAR('F.D.KMT.01'!O$6)"", ""value"": 2025, ""type"": ""year""}, {""range"": ""Bases!$N:$N"", ""col"": ""N"", ""arg"": ""MONTH('F.D.KMT.01'!O$6)"", ""value"": 11, ""type"": ""month""}, {""range"": ""Bases!$J:$J"", ""col"": ""J"", ""arg"": ""\""Ingreso\"""", ""value"": ""Ingreso"", ""type"": ""literal""}]"
F.D.KMT.01,P33,"=SUMIFS(Bases!$L:$L,Bases!$I:$I,'F.D.KMT.01'!$C33,Bases!$M:$M,YEAR('F.D.KMT.01'!P$6),Bases!$N:$N,MONTH('F.D.KMT.01'!P$6),Bases!$J:$J,""Ingreso"")",L,2,390.0981,390.0980965649176,0.0,PASS_TOLERANCE,"[{""range"": ""Bases!$I:$I"", ""col"": ""I"", ""arg"": ""'F.D.KMT.01'!$C33"", ""value"": ""Movem"", ""type"": ""cell""}, {""range"": ""Bases!$M:$M"", ""col"": ""M"", ""arg"": ""YEAR('F.D.KMT.01'!P$6)"", ""value"": 2025, ""type"": ""year""}, {""range"": ""Bases!$N:$N"", ""col"": ""N"", ""arg"": ""MONTH('F.D.KMT.01'!P$6)"", ""value"": 12, ""type"": ""month""}, {""range"": ""Bases!$J:$J"", ""col"": ""J"", ""arg"": ""\""Ingreso\"""", ""value"": ""Ingreso"", ""type"": ""literal""}]"
F.D.KMT.01,R33,"=SUMIFS(Bases!$L:$L,Bases!$I:$I,'F.D.KMT.01'!$C33,Bases!$M:$M,YEAR('F.D.KMT.01'!R$6),Bases!$N:$N,MONTH('F.D.KMT.01'!R$6),Bases!$J:$J,""Ingreso"")",L,4,778.8345,778.8345325885109,0.0,PASS_TOLERANCE,"[{""range"": ""Bases!$I:$I"", ""col"": ""I"", ""arg"": ""'F.D.KMT.01'!$C33"", ""value"": ""Movem"", ""type"": ""cell""}, {""range"": ""Bases!$M:$M"", ""col"": ""M"", ""arg"": ""YEAR('F.D.KMT.01'!R$6)"", ""value"": 2026, ""type"": ""year""}, {""range"": ""Bases!$N:$N"", ""col"": ""N"", ""arg"": ""MONTH('F.D.KMT.01'!R$6)"", ""value"": 1, ""type"": ""month""}, {""range"": ""Bases!$J:$J"", ""col"": ""J"", ""arg"": ""\""Ingreso\"""", ""value"": ""Ingreso"", ""type"": ""literal""}]"
F.D.KMT.01,S33,"=SUMIFS(Bases!$L:$L,Bases!$I:$I,'F.D.KMT.01'!$C33,Bases!$M:$M,YEAR('F.D.KMT.01'!S$6),Bases!$N:$N,MONTH('F.D.KMT.01'!S$6),Bases!$J:$J,""Ingreso"")",L,1,357.1527,357.15268059583207,0.0,PASS_TOLERANCE,"[{""range"": ""Bases!$I:$I"", ""col"": ""I"", ""arg"": ""'F.D.KMT.01'!$C33"", ""value"": ""Movem"", ""type"": ""cell""}, {""range"": ""Bases!$M:$M"", ""col"": ""M"", ""arg"": ""YEAR('F.D.KMT.01'!S$6)"", ""value"": 2026, ""type"": ""year""}, {""range"": ""Bases!$N:$N"", ""col"": ""N"", ""arg"": ""MONTH('F.D.KMT.01'!S$6)"", ""value"": 2, ""type"": ""month""}, {""range"": ""Bases!$J:$J"", ""col"": ""J"", ""arg"": ""\""Ingreso\"""", ""value"": ""Ingreso"", ""type"": ""literal""}]"
F.D.KMT.01,T33,"=SUMIFS(Bases!$L:$L,Bases!$I:$I,'F.D.KMT.01'!$C33,Bases!$M:$M,YEAR('F.D.KMT.01'!T$6),Bases!$N:$N,MONTH('F.D.KMT.01'!T$6),Bases!$J:$J,""Ingreso"")",L,3,865.6796,865.6795992955381,0.0,PASS_TOLERANCE,"[{""range"": ""Bases!$I:$I"", ""col"": ""I"", ""arg"": ""'F.D.KMT.01'!$C33"", ""value"": ""Movem"", ""type"": ""cell""}, {""range"": ""Bases!$M:$M"", ""col"": ""M"", ""arg"": ""YEAR('F.D.KMT.01'!T$6)"", ""value"": 2026, ""type"": ""year""}, {""range"": ""Bases!$N:$N"", ""col"": ""N"", ""arg"": ""MONTH('F.D.KMT.01'!T$6)"", ""value"": 3, ""type"": ""month""}, {""range"": ""Bases!$J:$J"", ""col"": ""J"", ""arg"": ""\""Ingreso\"""", ""value"": ""Ingreso"", ""type"": ""literal""}]"
F.D.KMT.01,U33,"=SUMIFS(Bases!$L:$L,Bases!$I:$I,'F.D.KMT.01'!$C33,Bases!$M:$M,YEAR('F.D.KMT.01'!U$6),Bases!$N:$N,MONTH('F.D.KMT.01'!U$6),Bases!$J:$J,""Ingreso"")",L,2,407.2475,407.2475286422797,0.0,PASS_TOLERANCE,"[{""range"": ""Bases!$I:$I"", ""col"": ""I"", ""arg"": ""'F.D.KMT.01'!$C33"", ""value"": ""Movem"", ""type"": ""cell""}, {""range"": ""Bases!$M:$M"", ""col"": ""M"", ""arg"": ""YEAR('F.D.KMT.01'!U$6)"", ""value"": 2026, ""type"": ""year""}, {""range"": ""Bases!$N:$N"", ""col"": ""N"", ""arg"": ""MONTH('F.D.KMT.01'!U$6)"", ""value"": 4, ""type"": ""month""}, {""range"": ""Bases!$J:$J"", ""col"": ""J"", ""arg"": ""\""Ingreso\"""", ""value"": ""Ingreso"", ""type"": ""literal""}]"
F.D.KMT.01,V33,"=SUMIFS(Bases!$L:$L,Bases!$I:$I,'F.D.KMT.01'!$C33,Bases!$M:$M,YEAR('F.D.KMT.01'!V$6),Bases!$N:$N,MONTH('F.D.KMT.01'!V$6),Bases!$J:$J,""Ingreso"")",L,2,411.4768,411.4768198767158,0.0,PASS_TOLERANCE,"[{""range"": ""Bases!$I:$I"", ""col"": ""I"", ""arg"": ""'F.D.KMT.01'!$C33"", ""value"": ""Movem"", ""type"": ""cell""}, {""range"": ""Bases!$M:$M"", ""col"": ""M"", ""arg"": ""YEAR('F.D.KMT.01'!V$6)"", ""value"": 2026, ""type"": ""year""}, {""range"": ""Bases!$N:$N"", ""col"": ""N"", ""arg"": ""MONTH('F.D.KMT.01'!V$6)"", ""value"": 5, ""type"": ""month""}, {""range"": ""Bases!$J:$J"", ""col"": ""J"", ""arg"": ""\""Ingreso\"""", ""value"": ""Ingreso"", ""type"": ""literal""}]"
F.D.KMT.01,S34,"=SUMIFS(Bases!$L:$L,Bases!$I:$I,'F.D.KMT.01'!$C34,Bases!$M:$M,YEAR('F.D.KMT.01'!S$6),Bases!$N:$N,MONTH('F.D.KMT.01'!S$6),Bases!$J:$J,""Ingreso"")",L,0,0.0,0.0,0.0,PASS_TOLERANCE,"[{""range"": ""Bases!$I:$I"", ""col"": ""I"", ""arg"": ""'F.D.KMT.01'!$C34"", ""value"": ""Administración"", ""type"": ""cell""}, {""range"": ""Bases!$M:$M"", ""col"": ""M"", ""arg"": ""YEAR('F.D.KMT.01'!S$6)"", ""value"": 2026, ""type"": ""year""}, {""range"": ""Bases!$N:$N"", ""col"": ""N"", ""arg"": ""MONTH('F.D.KMT.01'!S$6)"", ""value"": 2, ""type"": ""month""}, {""range"": ""Bases!$J:$J"", ""col"": ""J"", ""arg"": ""\""Ingreso\"""", ""value"": ""Ingreso"", ""type"": ""literal""}]"
F.D.KMT.01,S35,"=SUMIFS(Bases!$L:$L,Bases!$I:$I,'F.D.KMT.01'!$C35,Bases!$M:$M,YEAR('F.D.KMT.01'!S$6),Bases!$N:$N,MONTH('F.D.KMT.01'!S$6),Bases!$J:$J,""Ingreso"")",L,0,0.0,0.0,0.0,PASS_TOLERANCE,"[{""range"": ""Bases!$I:$I"", ""col"": ""I"", ""arg"": ""'F.D.KMT.01'!$C35"", ""value"": ""Comercializacion"", ""type"": ""cell""}, {""range"": ""Bases!$M:$M"", ""col"": ""M"", ""arg"": ""YEAR('F.D.KMT.01'!S$6)"", ""value"": 2026, ""type"": ""year""}, {""range"": ""Bases!$N:$N"", ""col"": ""N"", ""arg"": ""MONTH('F.D.KMT.01'!S$6)"", ""value"": 2, ""type"": ""month""}, {""range"": ""Bases!$J:$J"", ""col"": ""J"", ""arg"": ""\""Ingreso\"""", ""value"": ""Ingreso"", ""type"": ""literal""}]"
F.D.KMT.01,S36,"=SUMIFS(Bases!$L:$L,Bases!$I:$I,'F.D.KMT.01'!$C36,Bases!$M:$M,YEAR('F.D.KMT.01'!S$6),Bases!$N:$N,MONTH('F.D.KMT.01'!S$6),Bases!$J:$J,""Ingreso"")",L,0,0.0,0.0,0.0,PASS_TOLERANCE,"[{""range"": ""Bases!$I:$I"", ""col"": ""I"", ""arg"": ""'F.D.KMT.01'!$C36"", ""value"": ""Argomedo"", ""type"": ""cell""}, {""range"": ""Bases!$M:$M"", ""col"": ""M"", ""arg"": ""YEAR('F.D.KMT.01'!S$6)"", ""value"": 2026, ""type"": ""year""}, {""range"": ""Bases!$N:$N"", ""col"": ""N"", ""arg"": ""MONTH('F.D.KMT.01'!S$6)"", ""value"": 2, ""type"": ""month""}, {""range"": ""Bases!$J:$J"", ""col"": ""J"", ""arg"": ""\""Ingreso\"""", ""value"": ""Ingreso"", ""type"": ""literal""}]"
F.D.KMT.01,T36,"=SUMIFS(Bases!$L:$L,Bases!$I:$I,'F.D.KMT.01'!$C36,Bases!$M:$M,YEAR('F.D.KMT.01'!T$6),Bases!$N:$N,MONTH('F.D.KMT.01'!T$6),Bases!$J:$J,""Ingreso"")",L,2,99.9289,99.92893544955606,0.0,PASS_TOLERANCE,"[{""range"": ""Bases!$I:$I"", ""col"": ""I"", ""arg"": ""'F.D.KMT.01'!$C36"", ""value"": ""Argomedo"", ""type"": ""cell""}, {""range"": ""Bases!$M:$M"", ""col"": ""M"", ""arg"": ""YEAR('F.D.KMT.01'!T$6)"", ""value"": 2026, ""type"": ""year""}, {""range"": ""Bases!$N:$N"", ""col"": ""N"", ""arg"": ""MONTH('F.D.KMT.01'!T$6)"", ""value"": 3, ""type"": ""month""}, {""range"": ""Bases!$J:$J"", ""col"": ""J"", ""arg"": ""\""Ingreso\"""", ""value"": ""Ingreso"", ""type"": ""literal""}]"
F.D.KMT.01,U36,"=SUMIFS(Bases!$L:$L,Bases!$I:$I,'F.D.KMT.01'!$C36,Bases!$M:$M,YEAR('F.D.KMT.01'!U$6),Bases!$N:$N,MONTH('F.D.KMT.01'!U$6),Bases!$J:$J,""Ingreso"")",L,1,25.039,25.039028627951627,0.0,PASS_TOLERANCE,"[{""range"": ""Bases!$I:$I"", ""col"": ""I"", ""arg"": ""'F.D.KMT.01'!$C36"", ""value"": ""Argomedo"", ""type"": ""cell""}, {""range"": ""Bases!$M:$M"", ""col"": ""M"", ""arg"": ""YEAR('F.D.KMT.01'!U$6)"", ""value"": 2026, ""type"": ""year""}, {""range"": ""Bases!$N:$N"", ""col"": ""N"", ""arg"": ""MONTH('F.D.KMT.01'!U$6)"", ""value"": 4, ""type"": ""month""}, {""range"": ""Bases!$J:$J"", ""col"": ""J"", ""arg"": ""\""Ingreso\"""", ""value"": ""Ingreso"", ""type"": ""literal""}]"
F.D.KMT.01,V36,"=SUMIFS(Bases!$L:$L,Bases!$I:$I,'F.D.KMT.01'!$C36,Bases!$M:$M,YEAR('F.D.KMT.01'!V$6),Bases!$N:$N,MONTH('F.D.KMT.01'!V$6),Bases!$J:$J,""Ingreso"")",L,0,0.0,0.0,0.0,PASS_TOLERANCE,"[{""range"": ""Bases!$I:$I"", ""col"": ""I"", ""arg"": ""'F.D.KMT.01'!$C36"", ""value"": ""Argomedo"", ""type"": ""cell""}, {""range"": ""Bases!$M:$M"", ""col"": ""M"", ""arg"": ""YEAR('F.D.KMT.01'!V$6)"", ""value"": 2026, ""type"": ""year""}, {""range"": ""Bases!$N:$N"", ""col"": ""N"", ""arg"": ""MONTH('F.D.KMT.01'!V$6)"", ""value"": 5, ""type"": ""month""}, {""range"": ""Bases!$J:$J"", ""col"": ""J"", ""arg"": ""\""Ingreso\"""", ""value"": ""Ingreso"", ""type"": ""literal""}]"
